full_date,date_key,day_of_week,month,year,month_name,quarter,week_of_year,day
2015-01-01,20150101,Thursday,1,2015,January,1,1,3
2015-01-02,20150102,Friday,1,2015,January,1,1,4
2015-01-03,20150103,Saturday,1,2015,January,1,1,5
2015-01-04,20150104,Sunday,1,2015,January,1,1,6
2015-01-05,20150105,Monday,1,2015,January,1,2,0
2015-01-06,20150106,Tuesday,1,2015,January,1,2,1
2015-01-07,20150107,Wednesday,1,2015,January,1,2,2
2015-01-08,20150108,Thursday,1,2015,January,1,2,3
2015-01-09,20150109,Friday,1,2015,January,1,2,4
2015-01-10,20150110,Saturday,1,2015,January,1,2,5
2015-01-11,20150111,Sunday,1,2015,January,1,2,6
2015-01-12,20150112,Monday,1,2015,January,1,3,0
2015-01-13,20150113,Tuesday,1,2015,January,1,3,1
2015-01-14,20150114,Wednesday,1,2015,January,1,3,2
2015-01-15,20150115,Thursday,1,2015,January,1,3,3
2015-01-16,20150116,Friday,1,2015,January,1,3,4
2015-01-17,20150117,Saturday,1,2015,January,1,3,5
2015-01-18,20150118,Sunday,1,2015,January,1,3,6
2015-01-19,20150119,Monday,1,2015,January,1,4,0
2015-01-20,20150120,Tuesday,1,2015,January,1,4,1
2015-01-21,20150121,Wednesday,1,2015,January,1,4,2
2015-01-22,20150122,Thursday,1,2015,January,1,4,3
2015-01-23,20150123,Friday,1,2015,January,1,4,4
2015-01-24,20150124,Saturday,1,2015,January,1,4,5
2015-01-25,20150125,Sunday,1,2015,January,1,4,6
2015-01-26,20150126,Monday,1,2015,January,1,5,0
2015-01-27,20150127,Tuesday,1,2015,January,1,5,1
2015-01-28,20150128,Wednesday,1,2015,January,1,5,2
2015-01-29,20150129,Thursday,1,2015,January,1,5,3
2015-01-30,20150130,Friday,1,2015,January,1,5,4
2015-01-31,20150131,Saturday,1,2015,January,1,5,5
2015-02-01,20150201,Sunday,2,2015,February,1,5,6
2015-02-02,20150202,Monday,2,2015,February,1,6,0
2015-02-03,20150203,Tuesday,2,2015,February,1,6,1
2015-02-04,20150204,Wednesday,2,2015,February,1,6,2
2015-02-05,20150205,Thursday,2,2015,February,1,6,3
2015-02-06,20150206,Friday,2,2015,February,1,6,4
2015-02-07,20150207,Saturday,2,2015,February,1,6,5
2015-02-08,20150208,Sunday,2,2015,February,1,6,6
2015-02-09,20150209,Monday,2,2015,February,1,7,0
2015-02-10,20150210,Tuesday,2,2015,February,1,7,1
2015-02-11,20150211,Wednesday,2,2015,February,1,7,2
2015-02-12,20150212,Thursday,2,2015,February,1,7,3
2015-02-13,20150213,Friday,2,2015,February,1,7,4
2015-02-14,20150214,Saturday,2,2015,February,1,7,5
2015-02-15,20150215,Sunday,2,2015,February,1,7,6
2015-02-16,20150216,Monday,2,2015,February,1,8,0
2015-02-17,20150217,Tuesday,2,2015,February,1,8,1
2015-02-18,20150218,Wednesday,2,2015,February,1,8,2
2015-02-19,20150219,Thursday,2,2015,February,1,8,3
2015-02-20,20150220,Friday,2,2015,February,1,8,4
2015-02-21,20150221,Saturday,2,2015,February,1,8,5
2015-02-22,20150222,Sunday,2,2015,February,1,8,6
2015-02-23,20150223,Monday,2,2015,February,1,9,0
2015-02-24,20150224,Tuesday,2,2015,February,1,9,1
2015-02-25,20150225,Wednesday,2,2015,February,1,9,2
2015-02-26,20150226,Thursday,2,2015,February,1,9,3
2015-02-27,20150227,Friday,2,2015,February,1,9,4
2015-02-28,20150228,Saturday,2,2015,February,1,9,5
2015-03-01,20150301,Sunday,3,2015,March,1,9,6
2015-03-02,20150302,Monday,3,2015,March,1,10,0
2015-03-03,20150303,Tuesday,3,2015,March,1,10,1
2015-03-04,20150304,Wednesday,3,2015,March,1,10,2
2015-03-05,20150305,Thursday,3,2015,March,1,10,3
2015-03-06,20150306,Friday,3,2015,March,1,10,4
2015-03-07,20150307,Saturday,3,2015,March,1,10,5
2015-03-08,20150308,Sunday,3,2015,March,1,10,6
2015-03-09,20150309,Monday,3,2015,March,1,11,0
2015-03-10,20150310,Tuesday,3,2015,March,1,11,1
2015-03-11,20150311,Wednesday,3,2015,March,1,11,2
2015-03-12,20150312,Thursday,3,2015,March,1,11,3
2015-03-13,20150313,Friday,3,2015,March,1,11,4
2015-03-14,20150314,Saturday,3,2015,March,1,11,5
2015-03-15,20150315,Sunday,3,2015,March,1,11,6
2015-03-16,20150316,Monday,3,2015,March,1,12,0
2015-03-17,20150317,Tuesday,3,2015,March,1,12,1
2015-03-18,20150318,Wednesday,3,2015,March,1,12,2
2015-03-19,20150319,Thursday,3,2015,March,1,12,3
2015-03-20,20150320,Friday,3,2015,March,1,12,4
2015-03-21,20150321,Saturday,3,2015,March,1,12,5
2015-03-22,20150322,Sunday,3,2015,March,1,12,6
2015-03-23,20150323,Monday,3,2015,March,1,13,0
2015-03-24,20150324,Tuesday,3,2015,March,1,13,1
2015-03-25,20150325,Wednesday,3,2015,March,1,13,2
2015-03-26,20150326,Thursday,3,2015,March,1,13,3
2015-03-27,20150327,Friday,3,2015,March,1,13,4
2015-03-28,20150328,Saturday,3,2015,March,1,13,5
2015-03-29,20150329,Sunday,3,2015,March,1,13,6
2015-03-30,20150330,Monday,3,2015,March,1,14,0
2015-03-31,20150331,Tuesday,3,2015,March,1,14,1
2015-04-01,20150401,Wednesday,4,2015,April,2,14,2
2015-04-02,20150402,Thursday,4,2015,April,2,14,3
2015-04-03,20150403,Friday,4,2015,April,2,14,4
2015-04-04,20150404,Saturday,4,2015,April,2,14,5
2015-04-05,20150405,Sunday,4,2015,April,2,14,6
2015-04-06,20150406,Monday,4,2015,April,2,15,0
2015-04-07,20150407,Tuesday,4,2015,April,2,15,1
2015-04-08,20150408,Wednesday,4,2015,April,2,15,2
2015-04-09,20150409,Thursday,4,2015,April,2,15,3
2015-04-10,20150410,Friday,4,2015,April,2,15,4
2015-04-11,20150411,Saturday,4,2015,April,2,15,5
2015-04-12,20150412,Sunday,4,2015,April,2,15,6
2015-04-13,20150413,Monday,4,2015,April,2,16,0
2015-04-14,20150414,Tuesday,4,2015,April,2,16,1
2015-04-15,20150415,Wednesday,4,2015,April,2,16,2
2015-04-16,20150416,Thursday,4,2015,April,2,16,3
2015-04-17,20150417,Friday,4,2015,April,2,16,4
2015-04-18,20150418,Saturday,4,2015,April,2,16,5
2015-04-19,20150419,Sunday,4,2015,April,2,16,6
2015-04-20,20150420,Monday,4,2015,April,2,17,0
2015-04-21,20150421,Tuesday,4,2015,April,2,17,1
2015-04-22,20150422,Wednesday,4,2015,April,2,17,2
2015-04-23,20150423,Thursday,4,2015,April,2,17,3
2015-04-24,20150424,Friday,4,2015,April,2,17,4
2015-04-25,20150425,Saturday,4,2015,April,2,17,5
2015-04-26,20150426,Sunday,4,2015,April,2,17,6
2015-04-27,20150427,Monday,4,2015,April,2,18,0
2015-04-28,20150428,Tuesday,4,2015,April,2,18,1
2015-04-29,20150429,Wednesday,4,2015,April,2,18,2
2015-04-30,20150430,Thursday,4,2015,April,2,18,3
2015-05-01,20150501,Friday,5,2015,May,2,18,4
2015-05-02,20150502,Saturday,5,2015,May,2,18,5
2015-05-03,20150503,Sunday,5,2015,May,2,18,6
2015-05-04,20150504,Monday,5,2015,May,2,19,0
2015-05-05,20150505,Tuesday,5,2015,May,2,19,1
2015-05-06,20150506,Wednesday,5,2015,May,2,19,2
2015-05-07,20150507,Thursday,5,2015,May,2,19,3
2015-05-08,20150508,Friday,5,2015,May,2,19,4
2015-05-09,20150509,Saturday,5,2015,May,2,19,5
2015-05-10,20150510,Sunday,5,2015,May,2,19,6
2015-05-11,20150511,Monday,5,2015,May,2,20,0
2015-05-12,20150512,Tuesday,5,2015,May,2,20,1
2015-05-13,20150513,Wednesday,5,2015,May,2,20,2
2015-05-14,20150514,Thursday,5,2015,May,2,20,3
2015-05-15,20150515,Friday,5,2015,May,2,20,4
2015-05-16,20150516,Saturday,5,2015,May,2,20,5
2015-05-17,20150517,Sunday,5,2015,May,2,20,6
2015-05-18,20150518,Monday,5,2015,May,2,21,0
2015-05-19,20150519,Tuesday,5,2015,May,2,21,1
2015-05-20,20150520,Wednesday,5,2015,May,2,21,2
2015-05-21,20150521,Thursday,5,2015,May,2,21,3
2015-05-22,20150522,Friday,5,2015,May,2,21,4
2015-05-23,20150523,Saturday,5,2015,May,2,21,5
2015-05-24,20150524,Sunday,5,2015,May,2,21,6
2015-05-25,20150525,Monday,5,2015,May,2,22,0
2015-05-26,20150526,Tuesday,5,2015,May,2,22,1
2015-05-27,20150527,Wednesday,5,2015,May,2,22,2
2015-05-28,20150528,Thursday,5,2015,May,2,22,3
2015-05-29,20150529,Friday,5,2015,May,2,22,4
2015-05-30,20150530,Saturday,5,2015,May,2,22,5
2015-05-31,20150531,Sunday,5,2015,May,2,22,6
2015-06-01,20150601,Monday,6,2015,June,2,23,0
2015-06-02,20150602,Tuesday,6,2015,June,2,23,1
2015-06-03,20150603,Wednesday,6,2015,June,2,23,2
2015-06-04,20150604,Thursday,6,2015,June,2,23,3
2015-06-05,20150605,Friday,6,2015,June,2,23,4
2015-06-06,20150606,Saturday,6,2015,June,2,23,5
2015-06-07,20150607,Sunday,6,2015,June,2,23,6
2015-06-08,20150608,Monday,6,2015,June,2,24,0
2015-06-09,20150609,Tuesday,6,2015,June,2,24,1
2015-06-10,20150610,Wednesday,6,2015,June,2,24,2
2015-06-11,20150611,Thursday,6,2015,June,2,24,3
2015-06-12,20150612,Friday,6,2015,June,2,24,4
2015-06-13,20150613,Saturday,6,2015,June,2,24,5
2015-06-14,20150614,Sunday,6,2015,June,2,24,6
2015-06-15,20150615,Monday,6,2015,June,2,25,0
2015-06-16,20150616,Tuesday,6,2015,June,2,25,1
2015-06-17,20150617,Wednesday,6,2015,June,2,25,2
2015-06-18,20150618,Thursday,6,2015,June,2,25,3
2015-06-19,20150619,Friday,6,2015,June,2,25,4
2015-06-20,20150620,Saturday,6,2015,June,2,25,5
2015-06-21,20150621,Sunday,6,2015,June,2,25,6
2015-06-22,20150622,Monday,6,2015,June,2,26,0
2015-06-23,20150623,Tuesday,6,2015,June,2,26,1
2015-06-24,20150624,Wednesday,6,2015,June,2,26,2
2015-06-25,20150625,Thursday,6,2015,June,2,26,3
2015-06-26,20150626,Friday,6,2015,June,2,26,4
2015-06-27,20150627,Saturday,6,2015,June,2,26,5
2015-06-28,20150628,Sunday,6,2015,June,2,26,6
2015-06-29,20150629,Monday,6,2015,June,2,27,0
2015-06-30,20150630,Tuesday,6,2015,June,2,27,1
2015-07-01,20150701,Wednesday,7,2015,July,3,27,2
2015-07-02,20150702,Thursday,7,2015,July,3,27,3
2015-07-03,20150703,Friday,7,2015,July,3,27,4
2015-07-04,20150704,Saturday,7,2015,July,3,27,5
2015-07-05,20150705,Sunday,7,2015,July,3,27,6
2015-07-06,20150706,Monday,7,2015,July,3,28,0
2015-07-07,20150707,Tuesday,7,2015,July,3,28,1
2015-07-08,20150708,Wednesday,7,2015,July,3,28,2
2015-07-09,20150709,Thursday,7,2015,July,3,28,3
2015-07-10,20150710,Friday,7,2015,July,3,28,4
2015-07-11,20150711,Saturday,7,2015,July,3,28,5
2015-07-12,20150712,Sunday,7,2015,July,3,28,6
2015-07-13,20150713,Monday,7,2015,July,3,29,0
2015-07-14,20150714,Tuesday,7,2015,July,3,29,1
2015-07-15,20150715,Wednesday,7,2015,July,3,29,2
2015-07-16,20150716,Thursday,7,2015,July,3,29,3
2015-07-17,20150717,Friday,7,2015,July,3,29,4
2015-07-18,20150718,Saturday,7,2015,July,3,29,5
2015-07-19,20150719,Sunday,7,2015,July,3,29,6
2015-07-20,20150720,Monday,7,2015,July,3,30,0
2015-07-21,20150721,Tuesday,7,2015,July,3,30,1
2015-07-22,20150722,Wednesday,7,2015,July,3,30,2
2015-07-23,20150723,Thursday,7,2015,July,3,30,3
2015-07-24,20150724,Friday,7,2015,July,3,30,4
2015-07-25,20150725,Saturday,7,2015,July,3,30,5
2015-07-26,20150726,Sunday,7,2015,July,3,30,6
2015-07-27,20150727,Monday,7,2015,July,3,31,0
2015-07-28,20150728,Tuesday,7,2015,July,3,31,1
2015-07-29,20150729,Wednesday,7,2015,July,3,31,2
2015-07-30,20150730,Thursday,7,2015,July,3,31,3
2015-07-31,20150731,Friday,7,2015,July,3,31,4
2015-08-01,20150801,Saturday,8,2015,August,3,31,5
2015-08-02,20150802,Sunday,8,2015,August,3,31,6
2015-08-03,20150803,Monday,8,2015,August,3,32,0
2015-08-04,20150804,Tuesday,8,2015,August,3,32,1
2015-08-05,20150805,Wednesday,8,2015,August,3,32,2
2015-08-06,20150806,Thursday,8,2015,August,3,32,3
2015-08-07,20150807,Friday,8,2015,August,3,32,4
2015-08-08,20150808,Saturday,8,2015,August,3,32,5
2015-08-09,20150809,Sunday,8,2015,August,3,32,6
2015-08-10,20150810,Monday,8,2015,August,3,33,0
2015-08-11,20150811,Tuesday,8,2015,August,3,33,1
2015-08-12,20150812,Wednesday,8,2015,August,3,33,2
2015-08-13,20150813,Thursday,8,2015,August,3,33,3
2015-08-14,20150814,Friday,8,2015,August,3,33,4
2015-08-15,20150815,Saturday,8,2015,August,3,33,5
2015-08-16,20150816,Sunday,8,2015,August,3,33,6
2015-08-17,20150817,Monday,8,2015,August,3,34,0
2015-08-18,20150818,Tuesday,8,2015,August,3,34,1
2015-08-19,20150819,Wednesday,8,2015,August,3,34,2
2015-08-20,20150820,Thursday,8,2015,August,3,34,3
2015-08-21,20150821,Friday,8,2015,August,3,34,4
2015-08-22,20150822,Saturday,8,2015,August,3,34,5
2015-08-23,20150823,Sunday,8,2015,August,3,34,6
2015-08-24,20150824,Monday,8,2015,August,3,35,0
2015-08-25,20150825,Tuesday,8,2015,August,3,35,1
2015-08-26,20150826,Wednesday,8,2015,August,3,35,2
2015-08-27,20150827,Thursday,8,2015,August,3,35,3
2015-08-28,20150828,Friday,8,2015,August,3,35,4
2015-08-29,20150829,Saturday,8,2015,August,3,35,5
2015-08-30,20150830,Sunday,8,2015,August,3,35,6
2015-08-31,20150831,Monday,8,2015,August,3,36,0
2015-09-01,20150901,Tuesday,9,2015,September,3,36,1
2015-09-02,20150902,Wednesday,9,2015,September,3,36,2
2015-09-03,20150903,Thursday,9,2015,September,3,36,3
2015-09-04,20150904,Friday,9,2015,September,3,36,4
2015-09-05,20150905,Saturday,9,2015,September,3,36,5
2015-09-06,20150906,Sunday,9,2015,September,3,36,6
2015-09-07,20150907,Monday,9,2015,September,3,37,0
2015-09-08,20150908,Tuesday,9,2015,September,3,37,1
2015-09-09,20150909,Wednesday,9,2015,September,3,37,2
2015-09-10,20150910,Thursday,9,2015,September,3,37,3
2015-09-11,20150911,Friday,9,2015,September,3,37,4
2015-09-12,20150912,Saturday,9,2015,September,3,37,5
2015-09-13,20150913,Sunday,9,2015,September,3,37,6
2015-09-14,20150914,Monday,9,2015,September,3,38,0
2015-09-15,20150915,Tuesday,9,2015,September,3,38,1
2015-09-16,20150916,Wednesday,9,2015,September,3,38,2
2015-09-17,20150917,Thursday,9,2015,September,3,38,3
2015-09-18,20150918,Friday,9,2015,September,3,38,4
2015-09-19,20150919,Saturday,9,2015,September,3,38,5
2015-09-20,20150920,Sunday,9,2015,September,3,38,6
2015-09-21,20150921,Monday,9,2015,September,3,39,0
2015-09-22,20150922,Tuesday,9,2015,September,3,39,1
2015-09-23,20150923,Wednesday,9,2015,September,3,39,2
2015-09-24,20150924,Thursday,9,2015,September,3,39,3
2015-09-25,20150925,Friday,9,2015,September,3,39,4
2015-09-26,20150926,Saturday,9,2015,September,3,39,5
2015-09-27,20150927,Sunday,9,2015,September,3,39,6
2015-09-28,20150928,Monday,9,2015,September,3,40,0
2015-09-29,20150929,Tuesday,9,2015,September,3,40,1
2015-09-30,20150930,Wednesday,9,2015,September,3,40,2
2015-10-01,20151001,Thursday,10,2015,October,4,40,3
2015-10-02,20151002,Friday,10,2015,October,4,40,4
2015-10-03,20151003,Saturday,10,2015,October,4,40,5
2015-10-04,20151004,Sunday,10,2015,October,4,40,6
2015-10-05,20151005,Monday,10,2015,October,4,41,0
2015-10-06,20151006,Tuesday,10,2015,October,4,41,1
2015-10-07,20151007,Wednesday,10,2015,October,4,41,2
2015-10-08,20151008,Thursday,10,2015,October,4,41,3
2015-10-09,20151009,Friday,10,2015,October,4,41,4
2015-10-10,20151010,Saturday,10,2015,October,4,41,5
2015-10-11,20151011,Sunday,10,2015,October,4,41,6
2015-10-12,20151012,Monday,10,2015,October,4,42,0
2015-10-13,20151013,Tuesday,10,2015,October,4,42,1
2015-10-14,20151014,Wednesday,10,2015,October,4,42,2
2015-10-15,20151015,Thursday,10,2015,October,4,42,3
2015-10-16,20151016,Friday,10,2015,October,4,42,4
2015-10-17,20151017,Saturday,10,2015,October,4,42,5
2015-10-18,20151018,Sunday,10,2015,October,4,42,6
2015-10-19,20151019,Monday,10,2015,October,4,43,0
2015-10-20,20151020,Tuesday,10,2015,October,4,43,1
2015-10-21,20151021,Wednesday,10,2015,October,4,43,2
2015-10-22,20151022,Thursday,10,2015,October,4,43,3
2015-10-23,20151023,Friday,10,2015,October,4,43,4
2015-10-24,20151024,Saturday,10,2015,October,4,43,5
2015-10-25,20151025,Sunday,10,2015,October,4,43,6
2015-10-26,20151026,Monday,10,2015,October,4,44,0
2015-10-27,20151027,Tuesday,10,2015,October,4,44,1
2015-10-28,20151028,Wednesday,10,2015,October,4,44,2
2015-10-29,20151029,Thursday,10,2015,October,4,44,3
2015-10-30,20151030,Friday,10,2015,October,4,44,4
2015-10-31,20151031,Saturday,10,2015,October,4,44,5
2015-11-01,20151101,Sunday,11,2015,November,4,44,6
2015-11-02,20151102,Monday,11,2015,November,4,45,0
2015-11-03,20151103,Tuesday,11,2015,November,4,45,1
2015-11-04,20151104,Wednesday,11,2015,November,4,45,2
2015-11-05,20151105,Thursday,11,2015,November,4,45,3
2015-11-06,20151106,Friday,11,2015,November,4,45,4
2015-11-07,20151107,Saturday,11,2015,November,4,45,5
2015-11-08,20151108,Sunday,11,2015,November,4,45,6
2015-11-09,20151109,Monday,11,2015,November,4,46,0
2015-11-10,20151110,Tuesday,11,2015,November,4,46,1
2015-11-11,20151111,Wednesday,11,2015,November,4,46,2
2015-11-12,20151112,Thursday,11,2015,November,4,46,3
2015-11-13,20151113,Friday,11,2015,November,4,46,4
2015-11-14,20151114,Saturday,11,2015,November,4,46,5
2015-11-15,20151115,Sunday,11,2015,November,4,46,6
2015-11-16,20151116,Monday,11,2015,November,4,47,0
2015-11-17,20151117,Tuesday,11,2015,November,4,47,1
2015-11-18,20151118,Wednesday,11,2015,November,4,47,2
2015-11-19,20151119,Thursday,11,2015,November,4,47,3
2015-11-20,20151120,Friday,11,2015,November,4,47,4
2015-11-21,20151121,Saturday,11,2015,November,4,47,5
2015-11-22,20151122,Sunday,11,2015,November,4,47,6
2015-11-23,20151123,Monday,11,2015,November,4,48,0
2015-11-24,20151124,Tuesday,11,2015,November,4,48,1
2015-11-25,20151125,Wednesday,11,2015,November,4,48,2
2015-11-26,20151126,Thursday,11,2015,November,4,48,3
2015-11-27,20151127,Friday,11,2015,November,4,48,4
2015-11-28,20151128,Saturday,11,2015,November,4,48,5
2015-11-29,20151129,Sunday,11,2015,November,4,48,6
2015-11-30,20151130,Monday,11,2015,November,4,49,0
2015-12-01,20151201,Tuesday,12,2015,December,4,49,1
2015-12-02,20151202,Wednesday,12,2015,December,4,49,2
2015-12-03,20151203,Thursday,12,2015,December,4,49,3
2015-12-04,20151204,Friday,12,2015,December,4,49,4
2015-12-05,20151205,Saturday,12,2015,December,4,49,5
2015-12-06,20151206,Sunday,12,2015,December,4,49,6
2015-12-07,20151207,Monday,12,2015,December,4,50,0
2015-12-08,20151208,Tuesday,12,2015,December,4,50,1
2015-12-09,20151209,Wednesday,12,2015,December,4,50,2
2015-12-10,20151210,Thursday,12,2015,December,4,50,3
2015-12-11,20151211,Friday,12,2015,December,4,50,4
2015-12-12,20151212,Saturday,12,2015,December,4,50,5
2015-12-13,20151213,Sunday,12,2015,December,4,50,6
2015-12-14,20151214,Monday,12,2015,December,4,51,0
2015-12-15,20151215,Tuesday,12,2015,December,4,51,1
2015-12-16,20151216,Wednesday,12,2015,December,4,51,2
2015-12-17,20151217,Thursday,12,2015,December,4,51,3
2015-12-18,20151218,Friday,12,2015,December,4,51,4
2015-12-19,20151219,Saturday,12,2015,December,4,51,5
2015-12-20,20151220,Sunday,12,2015,December,4,51,6
2015-12-21,20151221,Monday,12,2015,December,4,52,0
2015-12-22,20151222,Tuesday,12,2015,December,4,52,1
2015-12-23,20151223,Wednesday,12,2015,December,4,52,2
2015-12-24,20151224,Thursday,12,2015,December,4,52,3
2015-12-25,20151225,Friday,12,2015,December,4,52,4
2015-12-26,20151226,Saturday,12,2015,December,4,52,5
2015-12-27,20151227,Sunday,12,2015,December,4,52,6
2015-12-28,20151228,Monday,12,2015,December,4,53,0
2015-12-29,20151229,Tuesday,12,2015,December,4,53,1
2015-12-30,20151230,Wednesday,12,2015,December,4,53,2
2015-12-31,20151231,Thursday,12,2015,December,4,53,3
2016-01-01,20160101,Friday,1,2016,January,1,53,4
2016-01-02,20160102,Saturday,1,2016,January,1,53,5
2016-01-03,20160103,Sunday,1,2016,January,1,53,6
2016-01-04,20160104,Monday,1,2016,January,1,1,0
2016-01-05,20160105,Tuesday,1,2016,January,1,1,1
2016-01-06,20160106,Wednesday,1,2016,January,1,1,2
2016-01-07,20160107,Thursday,1,2016,January,1,1,3
2016-01-08,20160108,Friday,1,2016,January,1,1,4
2016-01-09,20160109,Saturday,1,2016,January,1,1,5
2016-01-10,20160110,Sunday,1,2016,January,1,1,6
2016-01-11,20160111,Monday,1,2016,January,1,2,0
2016-01-12,20160112,Tuesday,1,2016,January,1,2,1
2016-01-13,20160113,Wednesday,1,2016,January,1,2,2
2016-01-14,20160114,Thursday,1,2016,January,1,2,3
2016-01-15,20160115,Friday,1,2016,January,1,2,4
2016-01-16,20160116,Saturday,1,2016,January,1,2,5
2016-01-17,20160117,Sunday,1,2016,January,1,2,6
2016-01-18,20160118,Monday,1,2016,January,1,3,0
2016-01-19,20160119,Tuesday,1,2016,January,1,3,1
2016-01-20,20160120,Wednesday,1,2016,January,1,3,2
2016-01-21,20160121,Thursday,1,2016,January,1,3,3
2016-01-22,20160122,Friday,1,2016,January,1,3,4
2016-01-23,20160123,Saturday,1,2016,January,1,3,5
2016-01-24,20160124,Sunday,1,2016,January,1,3,6
2016-01-25,20160125,Monday,1,2016,January,1,4,0
2016-01-26,20160126,Tuesday,1,2016,January,1,4,1
2016-01-27,20160127,Wednesday,1,2016,January,1,4,2
2016-01-28,20160128,Thursday,1,2016,January,1,4,3
2016-01-29,20160129,Friday,1,2016,January,1,4,4
2016-01-30,20160130,Saturday,1,2016,January,1,4,5
2016-01-31,20160131,Sunday,1,2016,January,1,4,6
2016-02-01,20160201,Monday,2,2016,February,1,5,0
2016-02-02,20160202,Tuesday,2,2016,February,1,5,1
2016-02-03,20160203,Wednesday,2,2016,February,1,5,2
2016-02-04,20160204,Thursday,2,2016,February,1,5,3
2016-02-05,20160205,Friday,2,2016,February,1,5,4
2016-02-06,20160206,Saturday,2,2016,February,1,5,5
2016-02-07,20160207,Sunday,2,2016,February,1,5,6
2016-02-08,20160208,Monday,2,2016,February,1,6,0
2016-02-09,20160209,Tuesday,2,2016,February,1,6,1
2016-02-10,20160210,Wednesday,2,2016,February,1,6,2
2016-02-11,20160211,Thursday,2,2016,February,1,6,3
2016-02-12,20160212,Friday,2,2016,February,1,6,4
2016-02-13,20160213,Saturday,2,2016,February,1,6,5
2016-02-14,20160214,Sunday,2,2016,February,1,6,6
2016-02-15,20160215,Monday,2,2016,February,1,7,0
2016-02-16,20160216,Tuesday,2,2016,February,1,7,1
2016-02-17,20160217,Wednesday,2,2016,February,1,7,2
2016-02-18,20160218,Thursday,2,2016,February,1,7,3
2016-02-19,20160219,Friday,2,2016,February,1,7,4
2016-02-20,20160220,Saturday,2,2016,February,1,7,5
2016-02-21,20160221,Sunday,2,2016,February,1,7,6
2016-02-22,20160222,Monday,2,2016,February,1,8,0
2016-02-23,20160223,Tuesday,2,2016,February,1,8,1
2016-02-24,20160224,Wednesday,2,2016,February,1,8,2
2016-02-25,20160225,Thursday,2,2016,February,1,8,3
2016-02-26,20160226,Friday,2,2016,February,1,8,4
2016-02-27,20160227,Saturday,2,2016,February,1,8,5
2016-02-28,20160228,Sunday,2,2016,February,1,8,6
2016-02-29,20160229,Monday,2,2016,February,1,9,0
2016-03-01,20160301,Tuesday,3,2016,March,1,9,1
2016-03-02,20160302,Wednesday,3,2016,March,1,9,2
2016-03-03,20160303,Thursday,3,2016,March,1,9,3
2016-03-04,20160304,Friday,3,2016,March,1,9,4
2016-03-05,20160305,Saturday,3,2016,March,1,9,5
2016-03-06,20160306,Sunday,3,2016,March,1,9,6
2016-03-07,20160307,Monday,3,2016,March,1,10,0
2016-03-08,20160308,Tuesday,3,2016,March,1,10,1
2016-03-09,20160309,Wednesday,3,2016,March,1,10,2
2016-03-10,20160310,Thursday,3,2016,March,1,10,3
2016-03-11,20160311,Friday,3,2016,March,1,10,4
2016-03-12,20160312,Saturday,3,2016,March,1,10,5
2016-03-13,20160313,Sunday,3,2016,March,1,10,6
2016-03-14,20160314,Monday,3,2016,March,1,11,0
2016-03-15,20160315,Tuesday,3,2016,March,1,11,1
2016-03-16,20160316,Wednesday,3,2016,March,1,11,2
2016-03-17,20160317,Thursday,3,2016,March,1,11,3
2016-03-18,20160318,Friday,3,2016,March,1,11,4
2016-03-19,20160319,Saturday,3,2016,March,1,11,5
2016-03-20,20160320,Sunday,3,2016,March,1,11,6
2016-03-21,20160321,Monday,3,2016,March,1,12,0
2016-03-22,20160322,Tuesday,3,2016,March,1,12,1
2016-03-23,20160323,Wednesday,3,2016,March,1,12,2
2016-03-24,20160324,Thursday,3,2016,March,1,12,3
2016-03-25,20160325,Friday,3,2016,March,1,12,4
2016-03-26,20160326,Saturday,3,2016,March,1,12,5
2016-03-27,20160327,Sunday,3,2016,March,1,12,6
2016-03-28,20160328,Monday,3,2016,March,1,13,0
2016-03-29,20160329,Tuesday,3,2016,March,1,13,1
2016-03-30,20160330,Wednesday,3,2016,March,1,13,2
2016-03-31,20160331,Thursday,3,2016,March,1,13,3
2016-04-01,20160401,Friday,4,2016,April,2,13,4
2016-04-02,20160402,Saturday,4,2016,April,2,13,5
2016-04-03,20160403,Sunday,4,2016,April,2,13,6
2016-04-04,20160404,Monday,4,2016,April,2,14,0
2016-04-05,20160405,Tuesday,4,2016,April,2,14,1
2016-04-06,20160406,Wednesday,4,2016,April,2,14,2
2016-04-07,20160407,Thursday,4,2016,April,2,14,3
2016-04-08,20160408,Friday,4,2016,April,2,14,4
2016-04-09,20160409,Saturday,4,2016,April,2,14,5
2016-04-10,20160410,Sunday,4,2016,April,2,14,6
2016-04-11,20160411,Monday,4,2016,April,2,15,0
2016-04-12,20160412,Tuesday,4,2016,April,2,15,1
2016-04-13,20160413,Wednesday,4,2016,April,2,15,2
2016-04-14,20160414,Thursday,4,2016,April,2,15,3
2016-04-15,20160415,Friday,4,2016,April,2,15,4
2016-04-16,20160416,Saturday,4,2016,April,2,15,5
2016-04-17,20160417,Sunday,4,2016,April,2,15,6
2016-04-18,20160418,Monday,4,2016,April,2,16,0
2016-04-19,20160419,Tuesday,4,2016,April,2,16,1
2016-04-20,20160420,Wednesday,4,2016,April,2,16,2
2016-04-21,20160421,Thursday,4,2016,April,2,16,3
2016-04-22,20160422,Friday,4,2016,April,2,16,4
2016-04-23,20160423,Saturday,4,2016,April,2,16,5
2016-04-24,20160424,Sunday,4,2016,April,2,16,6
2016-04-25,20160425,Monday,4,2016,April,2,17,0
2016-04-26,20160426,Tuesday,4,2016,April,2,17,1
2016-04-27,20160427,Wednesday,4,2016,April,2,17,2
2016-04-28,20160428,Thursday,4,2016,April,2,17,3
2016-04-29,20160429,Friday,4,2016,April,2,17,4
2016-04-30,20160430,Saturday,4,2016,April,2,17,5
2016-05-01,20160501,Sunday,5,2016,May,2,17,6
2016-05-02,20160502,Monday,5,2016,May,2,18,0
2016-05-03,20160503,Tuesday,5,2016,May,2,18,1
2016-05-04,20160504,Wednesday,5,2016,May,2,18,2
2016-05-05,20160505,Thursday,5,2016,May,2,18,3
2016-05-06,20160506,Friday,5,2016,May,2,18,4
2016-05-07,20160507,Saturday,5,2016,May,2,18,5
2016-05-08,20160508,Sunday,5,2016,May,2,18,6
2016-05-09,20160509,Monday,5,2016,May,2,19,0
2016-05-10,20160510,Tuesday,5,2016,May,2,19,1
2016-05-11,20160511,Wednesday,5,2016,May,2,19,2
2016-05-12,20160512,Thursday,5,2016,May,2,19,3
2016-05-13,20160513,Friday,5,2016,May,2,19,4
2016-05-14,20160514,Saturday,5,2016,May,2,19,5
2016-05-15,20160515,Sunday,5,2016,May,2,19,6
2016-05-16,20160516,Monday,5,2016,May,2,20,0
2016-05-17,20160517,Tuesday,5,2016,May,2,20,1
2016-05-18,20160518,Wednesday,5,2016,May,2,20,2
2016-05-19,20160519,Thursday,5,2016,May,2,20,3
2016-05-20,20160520,Friday,5,2016,May,2,20,4
2016-05-21,20160521,Saturday,5,2016,May,2,20,5
2016-05-22,20160522,Sunday,5,2016,May,2,20,6
2016-05-23,20160523,Monday,5,2016,May,2,21,0
2016-05-24,20160524,Tuesday,5,2016,May,2,21,1
2016-05-25,20160525,Wednesday,5,2016,May,2,21,2
2016-05-26,20160526,Thursday,5,2016,May,2,21,3
2016-05-27,20160527,Friday,5,2016,May,2,21,4
2016-05-28,20160528,Saturday,5,2016,May,2,21,5
2016-05-29,20160529,Sunday,5,2016,May,2,21,6
2016-05-30,20160530,Monday,5,2016,May,2,22,0
2016-05-31,20160531,Tuesday,5,2016,May,2,22,1
2016-06-01,20160601,Wednesday,6,2016,June,2,22,2
2016-06-02,20160602,Thursday,6,2016,June,2,22,3
2016-06-03,20160603,Friday,6,2016,June,2,22,4
2016-06-04,20160604,Saturday,6,2016,June,2,22,5
2016-06-05,20160605,Sunday,6,2016,June,2,22,6
2016-06-06,20160606,Monday,6,2016,June,2,23,0
2016-06-07,20160607,Tuesday,6,2016,June,2,23,1
2016-06-08,20160608,Wednesday,6,2016,June,2,23,2
2016-06-09,20160609,Thursday,6,2016,June,2,23,3
2016-06-10,20160610,Friday,6,2016,June,2,23,4
2016-06-11,20160611,Saturday,6,2016,June,2,23,5
2016-06-12,20160612,Sunday,6,2016,June,2,23,6
2016-06-13,20160613,Monday,6,2016,June,2,24,0
2016-06-14,20160614,Tuesday,6,2016,June,2,24,1
2016-06-15,20160615,Wednesday,6,2016,June,2,24,2
2016-06-16,20160616,Thursday,6,2016,June,2,24,3
2016-06-17,20160617,Friday,6,2016,June,2,24,4
2016-06-18,20160618,Saturday,6,2016,June,2,24,5
2016-06-19,20160619,Sunday,6,2016,June,2,24,6
2016-06-20,20160620,Monday,6,2016,June,2,25,0
2016-06-21,20160621,Tuesday,6,2016,June,2,25,1
2016-06-22,20160622,Wednesday,6,2016,June,2,25,2
2016-06-23,20160623,Thursday,6,2016,June,2,25,3
2016-06-24,20160624,Friday,6,2016,June,2,25,4
2016-06-25,20160625,Saturday,6,2016,June,2,25,5
2016-06-26,20160626,Sunday,6,2016,June,2,25,6
2016-06-27,20160627,Monday,6,2016,June,2,26,0
2016-06-28,20160628,Tuesday,6,2016,June,2,26,1
2016-06-29,20160629,Wednesday,6,2016,June,2,26,2
2016-06-30,20160630,Thursday,6,2016,June,2,26,3
2016-07-01,20160701,Friday,7,2016,July,3,26,4
2016-07-02,20160702,Saturday,7,2016,July,3,26,5
2016-07-03,20160703,Sunday,7,2016,July,3,26,6
2016-07-04,20160704,Monday,7,2016,July,3,27,0
2016-07-05,20160705,Tuesday,7,2016,July,3,27,1
2016-07-06,20160706,Wednesday,7,2016,July,3,27,2
2016-07-07,20160707,Thursday,7,2016,July,3,27,3
2016-07-08,20160708,Friday,7,2016,July,3,27,4
2016-07-09,20160709,Saturday,7,2016,July,3,27,5
2016-07-10,20160710,Sunday,7,2016,July,3,27,6
2016-07-11,20160711,Monday,7,2016,July,3,28,0
2016-07-12,20160712,Tuesday,7,2016,July,3,28,1
2016-07-13,20160713,Wednesday,7,2016,July,3,28,2
2016-07-14,20160714,Thursday,7,2016,July,3,28,3
2016-07-15,20160715,Friday,7,2016,July,3,28,4
2016-07-16,20160716,Saturday,7,2016,July,3,28,5
2016-07-17,20160717,Sunday,7,2016,July,3,28,6
2016-07-18,20160718,Monday,7,2016,July,3,29,0
2016-07-19,20160719,Tuesday,7,2016,July,3,29,1
2016-07-20,20160720,Wednesday,7,2016,July,3,29,2
2016-07-21,20160721,Thursday,7,2016,July,3,29,3
2016-07-22,20160722,Friday,7,2016,July,3,29,4
2016-07-23,20160723,Saturday,7,2016,July,3,29,5
2016-07-24,20160724,Sunday,7,2016,July,3,29,6
2016-07-25,20160725,Monday,7,2016,July,3,30,0
2016-07-26,20160726,Tuesday,7,2016,July,3,30,1
2016-07-27,20160727,Wednesday,7,2016,July,3,30,2
2016-07-28,20160728,Thursday,7,2016,July,3,30,3
2016-07-29,20160729,Friday,7,2016,July,3,30,4
2016-07-30,20160730,Saturday,7,2016,July,3,30,5
2016-07-31,20160731,Sunday,7,2016,July,3,30,6
2016-08-01,20160801,Monday,8,2016,August,3,31,0
2016-08-02,20160802,Tuesday,8,2016,August,3,31,1
2016-08-03,20160803,Wednesday,8,2016,August,3,31,2
2016-08-04,20160804,Thursday,8,2016,August,3,31,3
2016-08-05,20160805,Friday,8,2016,August,3,31,4
2016-08-06,20160806,Saturday,8,2016,August,3,31,5
2016-08-07,20160807,Sunday,8,2016,August,3,31,6
2016-08-08,20160808,Monday,8,2016,August,3,32,0
2016-08-09,20160809,Tuesday,8,2016,August,3,32,1
2016-08-10,20160810,Wednesday,8,2016,August,3,32,2
2016-08-11,20160811,Thursday,8,2016,August,3,32,3
2016-08-12,20160812,Friday,8,2016,August,3,32,4
2016-08-13,20160813,Saturday,8,2016,August,3,32,5
2016-08-14,20160814,Sunday,8,2016,August,3,32,6
2016-08-15,20160815,Monday,8,2016,August,3,33,0
2016-08-16,20160816,Tuesday,8,2016,August,3,33,1
2016-08-17,20160817,Wednesday,8,2016,August,3,33,2
2016-08-18,20160818,Thursday,8,2016,August,3,33,3
2016-08-19,20160819,Friday,8,2016,August,3,33,4
2016-08-20,20160820,Saturday,8,2016,August,3,33,5
2016-08-21,20160821,Sunday,8,2016,August,3,33,6
2016-08-22,20160822,Monday,8,2016,August,3,34,0
2016-08-23,20160823,Tuesday,8,2016,August,3,34,1
2016-08-24,20160824,Wednesday,8,2016,August,3,34,2
2016-08-25,20160825,Thursday,8,2016,August,3,34,3
2016-08-26,20160826,Friday,8,2016,August,3,34,4
2016-08-27,20160827,Saturday,8,2016,August,3,34,5
2016-08-28,20160828,Sunday,8,2016,August,3,34,6
2016-08-29,20160829,Monday,8,2016,August,3,35,0
2016-08-30,20160830,Tuesday,8,2016,August,3,35,1
2016-08-31,20160831,Wednesday,8,2016,August,3,35,2
2016-09-01,20160901,Thursday,9,2016,September,3,35,3
2016-09-02,20160902,Friday,9,2016,September,3,35,4
2016-09-03,20160903,Saturday,9,2016,September,3,35,5
2016-09-04,20160904,Sunday,9,2016,September,3,35,6
2016-09-05,20160905,Monday,9,2016,September,3,36,0
2016-09-06,20160906,Tuesday,9,2016,September,3,36,1
2016-09-07,20160907,Wednesday,9,2016,September,3,36,2
2016-09-08,20160908,Thursday,9,2016,September,3,36,3
2016-09-09,20160909,Friday,9,2016,September,3,36,4
2016-09-10,20160910,Saturday,9,2016,September,3,36,5
2016-09-11,20160911,Sunday,9,2016,September,3,36,6
2016-09-12,20160912,Monday,9,2016,September,3,37,0
2016-09-13,20160913,Tuesday,9,2016,September,3,37,1
2016-09-14,20160914,Wednesday,9,2016,September,3,37,2
2016-09-15,20160915,Thursday,9,2016,September,3,37,3
2016-09-16,20160916,Friday,9,2016,September,3,37,4
2016-09-17,20160917,Saturday,9,2016,September,3,37,5
2016-09-18,20160918,Sunday,9,2016,September,3,37,6
2016-09-19,20160919,Monday,9,2016,September,3,38,0
2016-09-20,20160920,Tuesday,9,2016,September,3,38,1
2016-09-21,20160921,Wednesday,9,2016,September,3,38,2
2016-09-22,20160922,Thursday,9,2016,September,3,38,3
2016-09-23,20160923,Friday,9,2016,September,3,38,4
2016-09-24,20160924,Saturday,9,2016,September,3,38,5
2016-09-25,20160925,Sunday,9,2016,September,3,38,6
2016-09-26,20160926,Monday,9,2016,September,3,39,0
2016-09-27,20160927,Tuesday,9,2016,September,3,39,1
2016-09-28,20160928,Wednesday,9,2016,September,3,39,2
2016-09-29,20160929,Thursday,9,2016,September,3,39,3
2016-09-30,20160930,Friday,9,2016,September,3,39,4
2016-10-01,20161001,Saturday,10,2016,October,4,39,5
2016-10-02,20161002,Sunday,10,2016,October,4,39,6
2016-10-03,20161003,Monday,10,2016,October,4,40,0
2016-10-04,20161004,Tuesday,10,2016,October,4,40,1
2016-10-05,20161005,Wednesday,10,2016,October,4,40,2
2016-10-06,20161006,Thursday,10,2016,October,4,40,3
2016-10-07,20161007,Friday,10,2016,October,4,40,4
2016-10-08,20161008,Saturday,10,2016,October,4,40,5
2016-10-09,20161009,Sunday,10,2016,October,4,40,6
2016-10-10,20161010,Monday,10,2016,October,4,41,0
2016-10-11,20161011,Tuesday,10,2016,October,4,41,1
2016-10-12,20161012,Wednesday,10,2016,October,4,41,2
2016-10-13,20161013,Thursday,10,2016,October,4,41,3
2016-10-14,20161014,Friday,10,2016,October,4,41,4
2016-10-15,20161015,Saturday,10,2016,October,4,41,5
2016-10-16,20161016,Sunday,10,2016,October,4,41,6
2016-10-17,20161017,Monday,10,2016,October,4,42,0
2016-10-18,20161018,Tuesday,10,2016,October,4,42,1
2016-10-19,20161019,Wednesday,10,2016,October,4,42,2
2016-10-20,20161020,Thursday,10,2016,October,4,42,3
2016-10-21,20161021,Friday,10,2016,October,4,42,4
2016-10-22,20161022,Saturday,10,2016,October,4,42,5
2016-10-23,20161023,Sunday,10,2016,October,4,42,6
2016-10-24,20161024,Monday,10,2016,October,4,43,0
2016-10-25,20161025,Tuesday,10,2016,October,4,43,1
2016-10-26,20161026,Wednesday,10,2016,October,4,43,2
2016-10-27,20161027,Thursday,10,2016,October,4,43,3
2016-10-28,20161028,Friday,10,2016,October,4,43,4
2016-10-29,20161029,Saturday,10,2016,October,4,43,5
2016-10-30,20161030,Sunday,10,2016,October,4,43,6
2016-10-31,20161031,Monday,10,2016,October,4,44,0
2016-11-01,20161101,Tuesday,11,2016,November,4,44,1
2016-11-02,20161102,Wednesday,11,2016,November,4,44,2
2016-11-03,20161103,Thursday,11,2016,November,4,44,3
2016-11-04,20161104,Friday,11,2016,November,4,44,4
2016-11-05,20161105,Saturday,11,2016,November,4,44,5
2016-11-06,20161106,Sunday,11,2016,November,4,44,6
2016-11-07,20161107,Monday,11,2016,November,4,45,0
2016-11-08,20161108,Tuesday,11,2016,November,4,45,1
2016-11-09,20161109,Wednesday,11,2016,November,4,45,2
2016-11-10,20161110,Thursday,11,2016,November,4,45,3
2016-11-11,20161111,Friday,11,2016,November,4,45,4
2016-11-12,20161112,Saturday,11,2016,November,4,45,5
2016-11-13,20161113,Sunday,11,2016,November,4,45,6
2016-11-14,20161114,Monday,11,2016,November,4,46,0
2016-11-15,20161115,Tuesday,11,2016,November,4,46,1
2016-11-16,20161116,Wednesday,11,2016,November,4,46,2
2016-11-17,20161117,Thursday,11,2016,November,4,46,3
2016-11-18,20161118,Friday,11,2016,November,4,46,4
2016-11-19,20161119,Saturday,11,2016,November,4,46,5
2016-11-20,20161120,Sunday,11,2016,November,4,46,6
2016-11-21,20161121,Monday,11,2016,November,4,47,0
2016-11-22,20161122,Tuesday,11,2016,November,4,47,1
2016-11-23,20161123,Wednesday,11,2016,November,4,47,2
2016-11-24,20161124,Thursday,11,2016,November,4,47,3
2016-11-25,20161125,Friday,11,2016,November,4,47,4
2016-11-26,20161126,Saturday,11,2016,November,4,47,5
2016-11-27,20161127,Sunday,11,2016,November,4,47,6
2016-11-28,20161128,Monday,11,2016,November,4,48,0
2016-11-29,20161129,Tuesday,11,2016,November,4,48,1
2016-11-30,20161130,Wednesday,11,2016,November,4,48,2
2016-12-01,20161201,Thursday,12,2016,December,4,48,3
2016-12-02,20161202,Friday,12,2016,December,4,48,4
2016-12-03,20161203,Saturday,12,2016,December,4,48,5
2016-12-04,20161204,Sunday,12,2016,December,4,48,6
2016-12-05,20161205,Monday,12,2016,December,4,49,0
2016-12-06,20161206,Tuesday,12,2016,December,4,49,1
2016-12-07,20161207,Wednesday,12,2016,December,4,49,2
2016-12-08,20161208,Thursday,12,2016,December,4,49,3
2016-12-09,20161209,Friday,12,2016,December,4,49,4
2016-12-10,20161210,Saturday,12,2016,December,4,49,5
2016-12-11,20161211,Sunday,12,2016,December,4,49,6
2016-12-12,20161212,Monday,12,2016,December,4,50,0
2016-12-13,20161213,Tuesday,12,2016,December,4,50,1
2016-12-14,20161214,Wednesday,12,2016,December,4,50,2
2016-12-15,20161215,Thursday,12,2016,December,4,50,3
2016-12-16,20161216,Friday,12,2016,December,4,50,4
2016-12-17,20161217,Saturday,12,2016,December,4,50,5
2016-12-18,20161218,Sunday,12,2016,December,4,50,6
2016-12-19,20161219,Monday,12,2016,December,4,51,0
2016-12-20,20161220,Tuesday,12,2016,December,4,51,1
2016-12-21,20161221,Wednesday,12,2016,December,4,51,2
2016-12-22,20161222,Thursday,12,2016,December,4,51,3
2016-12-23,20161223,Friday,12,2016,December,4,51,4
2016-12-24,20161224,Saturday,12,2016,December,4,51,5
2016-12-25,20161225,Sunday,12,2016,December,4,51,6
2016-12-26,20161226,Monday,12,2016,December,4,52,0
2016-12-27,20161227,Tuesday,12,2016,December,4,52,1
2016-12-28,20161228,Wednesday,12,2016,December,4,52,2
2016-12-29,20161229,Thursday,12,2016,December,4,52,3
2016-12-30,20161230,Friday,12,2016,December,4,52,4
2016-12-31,20161231,Saturday,12,2016,December,4,52,5
2017-01-01,20170101,Sunday,1,2017,January,1,52,6
2017-01-02,20170102,Monday,1,2017,January,1,1,0
2017-01-03,20170103,Tuesday,1,2017,January,1,1,1
2017-01-04,20170104,Wednesday,1,2017,January,1,1,2
2017-01-05,20170105,Thursday,1,2017,January,1,1,3
2017-01-06,20170106,Friday,1,2017,January,1,1,4
2017-01-07,20170107,Saturday,1,2017,January,1,1,5
2017-01-08,20170108,Sunday,1,2017,January,1,1,6
2017-01-09,20170109,Monday,1,2017,January,1,2,0
2017-01-10,20170110,Tuesday,1,2017,January,1,2,1
2017-01-11,20170111,Wednesday,1,2017,January,1,2,2
2017-01-12,20170112,Thursday,1,2017,January,1,2,3
2017-01-13,20170113,Friday,1,2017,January,1,2,4
2017-01-14,20170114,Saturday,1,2017,January,1,2,5
2017-01-15,20170115,Sunday,1,2017,January,1,2,6
2017-01-16,20170116,Monday,1,2017,January,1,3,0
2017-01-17,20170117,Tuesday,1,2017,January,1,3,1
2017-01-18,20170118,Wednesday,1,2017,January,1,3,2
2017-01-19,20170119,Thursday,1,2017,January,1,3,3
2017-01-20,20170120,Friday,1,2017,January,1,3,4
2017-01-21,20170121,Saturday,1,2017,January,1,3,5
2017-01-22,20170122,Sunday,1,2017,January,1,3,6
2017-01-23,20170123,Monday,1,2017,January,1,4,0
2017-01-24,20170124,Tuesday,1,2017,January,1,4,1
2017-01-25,20170125,Wednesday,1,2017,January,1,4,2
2017-01-26,20170126,Thursday,1,2017,January,1,4,3
2017-01-27,20170127,Friday,1,2017,January,1,4,4
2017-01-28,20170128,Saturday,1,2017,January,1,4,5
2017-01-29,20170129,Sunday,1,2017,January,1,4,6
2017-01-30,20170130,Monday,1,2017,January,1,5,0
2017-01-31,20170131,Tuesday,1,2017,January,1,5,1
2017-02-01,20170201,Wednesday,2,2017,February,1,5,2
2017-02-02,20170202,Thursday,2,2017,February,1,5,3
2017-02-03,20170203,Friday,2,2017,February,1,5,4
2017-02-04,20170204,Saturday,2,2017,February,1,5,5
2017-02-05,20170205,Sunday,2,2017,February,1,5,6
2017-02-06,20170206,Monday,2,2017,February,1,6,0
2017-02-07,20170207,Tuesday,2,2017,February,1,6,1
2017-02-08,20170208,Wednesday,2,2017,February,1,6,2
2017-02-09,20170209,Thursday,2,2017,February,1,6,3
2017-02-10,20170210,Friday,2,2017,February,1,6,4
2017-02-11,20170211,Saturday,2,2017,February,1,6,5
2017-02-12,20170212,Sunday,2,2017,February,1,6,6
2017-02-13,20170213,Monday,2,2017,February,1,7,0
2017-02-14,20170214,Tuesday,2,2017,February,1,7,1
2017-02-15,20170215,Wednesday,2,2017,February,1,7,2
2017-02-16,20170216,Thursday,2,2017,February,1,7,3
2017-02-17,20170217,Friday,2,2017,February,1,7,4
2017-02-18,20170218,Saturday,2,2017,February,1,7,5
2017-02-19,20170219,Sunday,2,2017,February,1,7,6
2017-02-20,20170220,Monday,2,2017,February,1,8,0
2017-02-21,20170221,Tuesday,2,2017,February,1,8,1
2017-02-22,20170222,Wednesday,2,2017,February,1,8,2
2017-02-23,20170223,Thursday,2,2017,February,1,8,3
2017-02-24,20170224,Friday,2,2017,February,1,8,4
2017-02-25,20170225,Saturday,2,2017,February,1,8,5
2017-02-26,20170226,Sunday,2,2017,February,1,8,6
2017-02-27,20170227,Monday,2,2017,February,1,9,0
2017-02-28,20170228,Tuesday,2,2017,February,1,9,1
2017-03-01,20170301,Wednesday,3,2017,March,1,9,2
2017-03-02,20170302,Thursday,3,2017,March,1,9,3
2017-03-03,20170303,Friday,3,2017,March,1,9,4
2017-03-04,20170304,Saturday,3,2017,March,1,9,5
2017-03-05,20170305,Sunday,3,2017,March,1,9,6
2017-03-06,20170306,Monday,3,2017,March,1,10,0
2017-03-07,20170307,Tuesday,3,2017,March,1,10,1
2017-03-08,20170308,Wednesday,3,2017,March,1,10,2
2017-03-09,20170309,Thursday,3,2017,March,1,10,3
2017-03-10,20170310,Friday,3,2017,March,1,10,4
2017-03-11,20170311,Saturday,3,2017,March,1,10,5
2017-03-12,20170312,Sunday,3,2017,March,1,10,6
2017-03-13,20170313,Monday,3,2017,March,1,11,0
2017-03-14,20170314,Tuesday,3,2017,March,1,11,1
2017-03-15,20170315,Wednesday,3,2017,March,1,11,2
2017-03-16,20170316,Thursday,3,2017,March,1,11,3
2017-03-17,20170317,Friday,3,2017,March,1,11,4
2017-03-18,20170318,Saturday,3,2017,March,1,11,5
2017-03-19,20170319,Sunday,3,2017,March,1,11,6
2017-03-20,20170320,Monday,3,2017,March,1,12,0
2017-03-21,20170321,Tuesday,3,2017,March,1,12,1
2017-03-22,20170322,Wednesday,3,2017,March,1,12,2
2017-03-23,20170323,Thursday,3,2017,March,1,12,3
2017-03-24,20170324,Friday,3,2017,March,1,12,4
2017-03-25,20170325,Saturday,3,2017,March,1,12,5
2017-03-26,20170326,Sunday,3,2017,March,1,12,6
2017-03-27,20170327,Monday,3,2017,March,1,13,0
2017-03-28,20170328,Tuesday,3,2017,March,1,13,1
2017-03-29,20170329,Wednesday,3,2017,March,1,13,2
2017-03-30,20170330,Thursday,3,2017,March,1,13,3
2017-03-31,20170331,Friday,3,2017,March,1,13,4
2017-04-01,20170401,Saturday,4,2017,April,2,13,5
2017-04-02,20170402,Sunday,4,2017,April,2,13,6
2017-04-03,20170403,Monday,4,2017,April,2,14,0
2017-04-04,20170404,Tuesday,4,2017,April,2,14,1
2017-04-05,20170405,Wednesday,4,2017,April,2,14,2
2017-04-06,20170406,Thursday,4,2017,April,2,14,3
2017-04-07,20170407,Friday,4,2017,April,2,14,4
2017-04-08,20170408,Saturday,4,2017,April,2,14,5
2017-04-09,20170409,Sunday,4,2017,April,2,14,6
2017-04-10,20170410,Monday,4,2017,April,2,15,0
2017-04-11,20170411,Tuesday,4,2017,April,2,15,1
2017-04-12,20170412,Wednesday,4,2017,April,2,15,2
2017-04-13,20170413,Thursday,4,2017,April,2,15,3
2017-04-14,20170414,Friday,4,2017,April,2,15,4
2017-04-15,20170415,Saturday,4,2017,April,2,15,5
2017-04-16,20170416,Sunday,4,2017,April,2,15,6
2017-04-17,20170417,Monday,4,2017,April,2,16,0
2017-04-18,20170418,Tuesday,4,2017,April,2,16,1
2017-04-19,20170419,Wednesday,4,2017,April,2,16,2
2017-04-20,20170420,Thursday,4,2017,April,2,16,3
2017-04-21,20170421,Friday,4,2017,April,2,16,4
2017-04-22,20170422,Saturday,4,2017,April,2,16,5
2017-04-23,20170423,Sunday,4,2017,April,2,16,6
2017-04-24,20170424,Monday,4,2017,April,2,17,0
2017-04-25,20170425,Tuesday,4,2017,April,2,17,1
2017-04-26,20170426,Wednesday,4,2017,April,2,17,2
2017-04-27,20170427,Thursday,4,2017,April,2,17,3
2017-04-28,20170428,Friday,4,2017,April,2,17,4
2017-04-29,20170429,Saturday,4,2017,April,2,17,5
2017-04-30,20170430,Sunday,4,2017,April,2,17,6
2017-05-01,20170501,Monday,5,2017,May,2,18,0
2017-05-02,20170502,Tuesday,5,2017,May,2,18,1
2017-05-03,20170503,Wednesday,5,2017,May,2,18,2
2017-05-04,20170504,Thursday,5,2017,May,2,18,3
2017-05-05,20170505,Friday,5,2017,May,2,18,4
2017-05-06,20170506,Saturday,5,2017,May,2,18,5
2017-05-07,20170507,Sunday,5,2017,May,2,18,6
2017-05-08,20170508,Monday,5,2017,May,2,19,0
2017-05-09,20170509,Tuesday,5,2017,May,2,19,1
2017-05-10,20170510,Wednesday,5,2017,May,2,19,2
2017-05-11,20170511,Thursday,5,2017,May,2,19,3
2017-05-12,20170512,Friday,5,2017,May,2,19,4
2017-05-13,20170513,Saturday,5,2017,May,2,19,5
2017-05-14,20170514,Sunday,5,2017,May,2,19,6
2017-05-15,20170515,Monday,5,2017,May,2,20,0
2017-05-16,20170516,Tuesday,5,2017,May,2,20,1
2017-05-17,20170517,Wednesday,5,2017,May,2,20,2
2017-05-18,20170518,Thursday,5,2017,May,2,20,3
2017-05-19,20170519,Friday,5,2017,May,2,20,4
2017-05-20,20170520,Saturday,5,2017,May,2,20,5
2017-05-21,20170521,Sunday,5,2017,May,2,20,6
2017-05-22,20170522,Monday,5,2017,May,2,21,0
2017-05-23,20170523,Tuesday,5,2017,May,2,21,1
2017-05-24,20170524,Wednesday,5,2017,May,2,21,2
2017-05-25,20170525,Thursday,5,2017,May,2,21,3
2017-05-26,20170526,Friday,5,2017,May,2,21,4
2017-05-27,20170527,Saturday,5,2017,May,2,21,5
2017-05-28,20170528,Sunday,5,2017,May,2,21,6
2017-05-29,20170529,Monday,5,2017,May,2,22,0
2017-05-30,20170530,Tuesday,5,2017,May,2,22,1
2017-05-31,20170531,Wednesday,5,2017,May,2,22,2
2017-06-01,20170601,Thursday,6,2017,June,2,22,3
2017-06-02,20170602,Friday,6,2017,June,2,22,4
2017-06-03,20170603,Saturday,6,2017,June,2,22,5
2017-06-04,20170604,Sunday,6,2017,June,2,22,6
2017-06-05,20170605,Monday,6,2017,June,2,23,0
2017-06-06,20170606,Tuesday,6,2017,June,2,23,1
2017-06-07,20170607,Wednesday,6,2017,June,2,23,2
2017-06-08,20170608,Thursday,6,2017,June,2,23,3
2017-06-09,20170609,Friday,6,2017,June,2,23,4
2017-06-10,20170610,Saturday,6,2017,June,2,23,5
2017-06-11,20170611,Sunday,6,2017,June,2,23,6
2017-06-12,20170612,Monday,6,2017,June,2,24,0
2017-06-13,20170613,Tuesday,6,2017,June,2,24,1
2017-06-14,20170614,Wednesday,6,2017,June,2,24,2
2017-06-15,20170615,Thursday,6,2017,June,2,24,3
2017-06-16,20170616,Friday,6,2017,June,2,24,4
2017-06-17,20170617,Saturday,6,2017,June,2,24,5
2017-06-18,20170618,Sunday,6,2017,June,2,24,6
2017-06-19,20170619,Monday,6,2017,June,2,25,0
2017-06-20,20170620,Tuesday,6,2017,June,2,25,1
2017-06-21,20170621,Wednesday,6,2017,June,2,25,2
2017-06-22,20170622,Thursday,6,2017,June,2,25,3
2017-06-23,20170623,Friday,6,2017,June,2,25,4
2017-06-24,20170624,Saturday,6,2017,June,2,25,5
2017-06-25,20170625,Sunday,6,2017,June,2,25,6
2017-06-26,20170626,Monday,6,2017,June,2,26,0
2017-06-27,20170627,Tuesday,6,2017,June,2,26,1
2017-06-28,20170628,Wednesday,6,2017,June,2,26,2
2017-06-29,20170629,Thursday,6,2017,June,2,26,3
2017-06-30,20170630,Friday,6,2017,June,2,26,4
2017-07-01,20170701,Saturday,7,2017,July,3,26,5
2017-07-02,20170702,Sunday,7,2017,July,3,26,6
2017-07-03,20170703,Monday,7,2017,July,3,27,0
2017-07-04,20170704,Tuesday,7,2017,July,3,27,1
2017-07-05,20170705,Wednesday,7,2017,July,3,27,2
2017-07-06,20170706,Thursday,7,2017,July,3,27,3
2017-07-07,20170707,Friday,7,2017,July,3,27,4
2017-07-08,20170708,Saturday,7,2017,July,3,27,5
2017-07-09,20170709,Sunday,7,2017,July,3,27,6
2017-07-10,20170710,Monday,7,2017,July,3,28,0
2017-07-11,20170711,Tuesday,7,2017,July,3,28,1
2017-07-12,20170712,Wednesday,7,2017,July,3,28,2
2017-07-13,20170713,Thursday,7,2017,July,3,28,3
2017-07-14,20170714,Friday,7,2017,July,3,28,4
2017-07-15,20170715,Saturday,7,2017,July,3,28,5
2017-07-16,20170716,Sunday,7,2017,July,3,28,6
2017-07-17,20170717,Monday,7,2017,July,3,29,0
2017-07-18,20170718,Tuesday,7,2017,July,3,29,1
2017-07-19,20170719,Wednesday,7,2017,July,3,29,2
2017-07-20,20170720,Thursday,7,2017,July,3,29,3
2017-07-21,20170721,Friday,7,2017,July,3,29,4
2017-07-22,20170722,Saturday,7,2017,July,3,29,5
2017-07-23,20170723,Sunday,7,2017,July,3,29,6
2017-07-24,20170724,Monday,7,2017,July,3,30,0
2017-07-25,20170725,Tuesday,7,2017,July,3,30,1
2017-07-26,20170726,Wednesday,7,2017,July,3,30,2
2017-07-27,20170727,Thursday,7,2017,July,3,30,3
2017-07-28,20170728,Friday,7,2017,July,3,30,4
2017-07-29,20170729,Saturday,7,2017,July,3,30,5
2017-07-30,20170730,Sunday,7,2017,July,3,30,6
2017-07-31,20170731,Monday,7,2017,July,3,31,0
2017-08-01,20170801,Tuesday,8,2017,August,3,31,1
2017-08-02,20170802,Wednesday,8,2017,August,3,31,2
2017-08-03,20170803,Thursday,8,2017,August,3,31,3
2017-08-04,20170804,Friday,8,2017,August,3,31,4
2017-08-05,20170805,Saturday,8,2017,August,3,31,5
2017-08-06,20170806,Sunday,8,2017,August,3,31,6
2017-08-07,20170807,Monday,8,2017,August,3,32,0
2017-08-08,20170808,Tuesday,8,2017,August,3,32,1
2017-08-09,20170809,Wednesday,8,2017,August,3,32,2
2017-08-10,20170810,Thursday,8,2017,August,3,32,3
2017-08-11,20170811,Friday,8,2017,August,3,32,4
2017-08-12,20170812,Saturday,8,2017,August,3,32,5
2017-08-13,20170813,Sunday,8,2017,August,3,32,6
2017-08-14,20170814,Monday,8,2017,August,3,33,0
2017-08-15,20170815,Tuesday,8,2017,August,3,33,1
2017-08-16,20170816,Wednesday,8,2017,August,3,33,2
2017-08-17,20170817,Thursday,8,2017,August,3,33,3
2017-08-18,20170818,Friday,8,2017,August,3,33,4
2017-08-19,20170819,Saturday,8,2017,August,3,33,5
2017-08-20,20170820,Sunday,8,2017,August,3,33,6
2017-08-21,20170821,Monday,8,2017,August,3,34,0
2017-08-22,20170822,Tuesday,8,2017,August,3,34,1
2017-08-23,20170823,Wednesday,8,2017,August,3,34,2
2017-08-24,20170824,Thursday,8,2017,August,3,34,3
2017-08-25,20170825,Friday,8,2017,August,3,34,4
2017-08-26,20170826,Saturday,8,2017,August,3,34,5
2017-08-27,20170827,Sunday,8,2017,August,3,34,6
2017-08-28,20170828,Monday,8,2017,August,3,35,0
2017-08-29,20170829,Tuesday,8,2017,August,3,35,1
2017-08-30,20170830,Wednesday,8,2017,August,3,35,2
2017-08-31,20170831,Thursday,8,2017,August,3,35,3
2017-09-01,20170901,Friday,9,2017,September,3,35,4
2017-09-02,20170902,Saturday,9,2017,September,3,35,5
2017-09-03,20170903,Sunday,9,2017,September,3,35,6
2017-09-04,20170904,Monday,9,2017,September,3,36,0
2017-09-05,20170905,Tuesday,9,2017,September,3,36,1
2017-09-06,20170906,Wednesday,9,2017,September,3,36,2
2017-09-07,20170907,Thursday,9,2017,September,3,36,3
2017-09-08,20170908,Friday,9,2017,September,3,36,4
2017-09-09,20170909,Saturday,9,2017,September,3,36,5
2017-09-10,20170910,Sunday,9,2017,September,3,36,6
2017-09-11,20170911,Monday,9,2017,September,3,37,0
2017-09-12,20170912,Tuesday,9,2017,September,3,37,1
2017-09-13,20170913,Wednesday,9,2017,September,3,37,2
2017-09-14,20170914,Thursday,9,2017,September,3,37,3
2017-09-15,20170915,Friday,9,2017,September,3,37,4
2017-09-16,20170916,Saturday,9,2017,September,3,37,5
2017-09-17,20170917,Sunday,9,2017,September,3,37,6
2017-09-18,20170918,Monday,9,2017,September,3,38,0
2017-09-19,20170919,Tuesday,9,2017,September,3,38,1
2017-09-20,20170920,Wednesday,9,2017,September,3,38,2
2017-09-21,20170921,Thursday,9,2017,September,3,38,3
2017-09-22,20170922,Friday,9,2017,September,3,38,4
2017-09-23,20170923,Saturday,9,2017,September,3,38,5
2017-09-24,20170924,Sunday,9,2017,September,3,38,6
2017-09-25,20170925,Monday,9,2017,September,3,39,0
2017-09-26,20170926,Tuesday,9,2017,September,3,39,1
2017-09-27,20170927,Wednesday,9,2017,September,3,39,2
2017-09-28,20170928,Thursday,9,2017,September,3,39,3
2017-09-29,20170929,Friday,9,2017,September,3,39,4
2017-09-30,20170930,Saturday,9,2017,September,3,39,5
2017-10-01,20171001,Sunday,10,2017,October,4,39,6
2017-10-02,20171002,Monday,10,2017,October,4,40,0
2017-10-03,20171003,Tuesday,10,2017,October,4,40,1
2017-10-04,20171004,Wednesday,10,2017,October,4,40,2
2017-10-05,20171005,Thursday,10,2017,October,4,40,3
2017-10-06,20171006,Friday,10,2017,October,4,40,4
2017-10-07,20171007,Saturday,10,2017,October,4,40,5
2017-10-08,20171008,Sunday,10,2017,October,4,40,6
2017-10-09,20171009,Monday,10,2017,October,4,41,0
2017-10-10,20171010,Tuesday,10,2017,October,4,41,1
2017-10-11,20171011,Wednesday,10,2017,October,4,41,2
2017-10-12,20171012,Thursday,10,2017,October,4,41,3
2017-10-13,20171013,Friday,10,2017,October,4,41,4
2017-10-14,20171014,Saturday,10,2017,October,4,41,5
2017-10-15,20171015,Sunday,10,2017,October,4,41,6
2017-10-16,20171016,Monday,10,2017,October,4,42,0
2017-10-17,20171017,Tuesday,10,2017,October,4,42,1
2017-10-18,20171018,Wednesday,10,2017,October,4,42,2
2017-10-19,20171019,Thursday,10,2017,October,4,42,3
2017-10-20,20171020,Friday,10,2017,October,4,42,4
2017-10-21,20171021,Saturday,10,2017,October,4,42,5
2017-10-22,20171022,Sunday,10,2017,October,4,42,6
2017-10-23,20171023,Monday,10,2017,October,4,43,0
2017-10-24,20171024,Tuesday,10,2017,October,4,43,1
2017-10-25,20171025,Wednesday,10,2017,October,4,43,2
2017-10-26,20171026,Thursday,10,2017,October,4,43,3
2017-10-27,20171027,Friday,10,2017,October,4,43,4
2017-10-28,20171028,Saturday,10,2017,October,4,43,5
2017-10-29,20171029,Sunday,10,2017,October,4,43,6
2017-10-30,20171030,Monday,10,2017,October,4,44,0
2017-10-31,20171031,Tuesday,10,2017,October,4,44,1
2017-11-01,20171101,Wednesday,11,2017,November,4,44,2
2017-11-02,20171102,Thursday,11,2017,November,4,44,3
2017-11-03,20171103,Friday,11,2017,November,4,44,4
2017-11-04,20171104,Saturday,11,2017,November,4,44,5
2017-11-05,20171105,Sunday,11,2017,November,4,44,6
2017-11-06,20171106,Monday,11,2017,November,4,45,0
2017-11-07,20171107,Tuesday,11,2017,November,4,45,1
2017-11-08,20171108,Wednesday,11,2017,November,4,45,2
2017-11-09,20171109,Thursday,11,2017,November,4,45,3
2017-11-10,20171110,Friday,11,2017,November,4,45,4
2017-11-11,20171111,Saturday,11,2017,November,4,45,5
2017-11-12,20171112,Sunday,11,2017,November,4,45,6
2017-11-13,20171113,Monday,11,2017,November,4,46,0
2017-11-14,20171114,Tuesday,11,2017,November,4,46,1
2017-11-15,20171115,Wednesday,11,2017,November,4,46,2
2017-11-16,20171116,Thursday,11,2017,November,4,46,3
2017-11-17,20171117,Friday,11,2017,November,4,46,4
2017-11-18,20171118,Saturday,11,2017,November,4,46,5
2017-11-19,20171119,Sunday,11,2017,November,4,46,6
2017-11-20,20171120,Monday,11,2017,November,4,47,0
2017-11-21,20171121,Tuesday,11,2017,November,4,47,1
2017-11-22,20171122,Wednesday,11,2017,November,4,47,2
2017-11-23,20171123,Thursday,11,2017,November,4,47,3
2017-11-24,20171124,Friday,11,2017,November,4,47,4
2017-11-25,20171125,Saturday,11,2017,November,4,47,5
2017-11-26,20171126,Sunday,11,2017,November,4,47,6
2017-11-27,20171127,Monday,11,2017,November,4,48,0
2017-11-28,20171128,Tuesday,11,2017,November,4,48,1
2017-11-29,20171129,Wednesday,11,2017,November,4,48,2
2017-11-30,20171130,Thursday,11,2017,November,4,48,3
2017-12-01,20171201,Friday,12,2017,December,4,48,4
2017-12-02,20171202,Saturday,12,2017,December,4,48,5
2017-12-03,20171203,Sunday,12,2017,December,4,48,6
2017-12-04,20171204,Monday,12,2017,December,4,49,0
2017-12-05,20171205,Tuesday,12,2017,December,4,49,1
2017-12-06,20171206,Wednesday,12,2017,December,4,49,2
2017-12-07,20171207,Thursday,12,2017,December,4,49,3
2017-12-08,20171208,Friday,12,2017,December,4,49,4
2017-12-09,20171209,Saturday,12,2017,December,4,49,5
2017-12-10,20171210,Sunday,12,2017,December,4,49,6
2017-12-11,20171211,Monday,12,2017,December,4,50,0
2017-12-12,20171212,Tuesday,12,2017,December,4,50,1
2017-12-13,20171213,Wednesday,12,2017,December,4,50,2
2017-12-14,20171214,Thursday,12,2017,December,4,50,3
2017-12-15,20171215,Friday,12,2017,December,4,50,4
2017-12-16,20171216,Saturday,12,2017,December,4,50,5
2017-12-17,20171217,Sunday,12,2017,December,4,50,6
2017-12-18,20171218,Monday,12,2017,December,4,51,0
2017-12-19,20171219,Tuesday,12,2017,December,4,51,1
2017-12-20,20171220,Wednesday,12,2017,December,4,51,2
2017-12-21,20171221,Thursday,12,2017,December,4,51,3
2017-12-22,20171222,Friday,12,2017,December,4,51,4
2017-12-23,20171223,Saturday,12,2017,December,4,51,5
2017-12-24,20171224,Sunday,12,2017,December,4,51,6
2017-12-25,20171225,Monday,12,2017,December,4,52,0
2017-12-26,20171226,Tuesday,12,2017,December,4,52,1
2017-12-27,20171227,Wednesday,12,2017,December,4,52,2
2017-12-28,20171228,Thursday,12,2017,December,4,52,3
2017-12-29,20171229,Friday,12,2017,December,4,52,4
2017-12-30,20171230,Saturday,12,2017,December,4,52,5
2017-12-31,20171231,Sunday,12,2017,December,4,52,6
2018-01-01,20180101,Monday,1,2018,January,1,1,0
2018-01-02,20180102,Tuesday,1,2018,January,1,1,1
2018-01-03,20180103,Wednesday,1,2018,January,1,1,2
2018-01-04,20180104,Thursday,1,2018,January,1,1,3
2018-01-05,20180105,Friday,1,2018,January,1,1,4
2018-01-06,20180106,Saturday,1,2018,January,1,1,5
2018-01-07,20180107,Sunday,1,2018,January,1,1,6
2018-01-08,20180108,Monday,1,2018,January,1,2,0
2018-01-09,20180109,Tuesday,1,2018,January,1,2,1
2018-01-10,20180110,Wednesday,1,2018,January,1,2,2
2018-01-11,20180111,Thursday,1,2018,January,1,2,3
2018-01-12,20180112,Friday,1,2018,January,1,2,4
2018-01-13,20180113,Saturday,1,2018,January,1,2,5
2018-01-14,20180114,Sunday,1,2018,January,1,2,6
2018-01-15,20180115,Monday,1,2018,January,1,3,0
2018-01-16,20180116,Tuesday,1,2018,January,1,3,1
2018-01-17,20180117,Wednesday,1,2018,January,1,3,2
2018-01-18,20180118,Thursday,1,2018,January,1,3,3
2018-01-19,20180119,Friday,1,2018,January,1,3,4
2018-01-20,20180120,Saturday,1,2018,January,1,3,5
2018-01-21,20180121,Sunday,1,2018,January,1,3,6
2018-01-22,20180122,Monday,1,2018,January,1,4,0
2018-01-23,20180123,Tuesday,1,2018,January,1,4,1
2018-01-24,20180124,Wednesday,1,2018,January,1,4,2
2018-01-25,20180125,Thursday,1,2018,January,1,4,3
2018-01-26,20180126,Friday,1,2018,January,1,4,4
2018-01-27,20180127,Saturday,1,2018,January,1,4,5
2018-01-28,20180128,Sunday,1,2018,January,1,4,6
2018-01-29,20180129,Monday,1,2018,January,1,5,0
2018-01-30,20180130,Tuesday,1,2018,January,1,5,1
2018-01-31,20180131,Wednesday,1,2018,January,1,5,2
2018-02-01,20180201,Thursday,2,2018,February,1,5,3
2018-02-02,20180202,Friday,2,2018,February,1,5,4
2018-02-03,20180203,Saturday,2,2018,February,1,5,5
2018-02-04,20180204,Sunday,2,2018,February,1,5,6
2018-02-05,20180205,Monday,2,2018,February,1,6,0
2018-02-06,20180206,Tuesday,2,2018,February,1,6,1
2018-02-07,20180207,Wednesday,2,2018,February,1,6,2
2018-02-08,20180208,Thursday,2,2018,February,1,6,3
2018-02-09,20180209,Friday,2,2018,February,1,6,4
2018-02-10,20180210,Saturday,2,2018,February,1,6,5
2018-02-11,20180211,Sunday,2,2018,February,1,6,6
2018-02-12,20180212,Monday,2,2018,February,1,7,0
2018-02-13,20180213,Tuesday,2,2018,February,1,7,1
2018-02-14,20180214,Wednesday,2,2018,February,1,7,2
2018-02-15,20180215,Thursday,2,2018,February,1,7,3
2018-02-16,20180216,Friday,2,2018,February,1,7,4
2018-02-17,20180217,Saturday,2,2018,February,1,7,5
2018-02-18,20180218,Sunday,2,2018,February,1,7,6
2018-02-19,20180219,Monday,2,2018,February,1,8,0
2018-02-20,20180220,Tuesday,2,2018,February,1,8,1
2018-02-21,20180221,Wednesday,2,2018,February,1,8,2
2018-02-22,20180222,Thursday,2,2018,February,1,8,3
2018-02-23,20180223,Friday,2,2018,February,1,8,4
2018-02-24,20180224,Saturday,2,2018,February,1,8,5
2018-02-25,20180225,Sunday,2,2018,February,1,8,6
2018-02-26,20180226,Monday,2,2018,February,1,9,0
2018-02-27,20180227,Tuesday,2,2018,February,1,9,1
2018-02-28,20180228,Wednesday,2,2018,February,1,9,2
2018-03-01,20180301,Thursday,3,2018,March,1,9,3
2018-03-02,20180302,Friday,3,2018,March,1,9,4
2018-03-03,20180303,Saturday,3,2018,March,1,9,5
2018-03-04,20180304,Sunday,3,2018,March,1,9,6
2018-03-05,20180305,Monday,3,2018,March,1,10,0
2018-03-06,20180306,Tuesday,3,2018,March,1,10,1
2018-03-07,20180307,Wednesday,3,2018,March,1,10,2
2018-03-08,20180308,Thursday,3,2018,March,1,10,3
2018-03-09,20180309,Friday,3,2018,March,1,10,4
2018-03-10,20180310,Saturday,3,2018,March,1,10,5
2018-03-11,20180311,Sunday,3,2018,March,1,10,6
2018-03-12,20180312,Monday,3,2018,March,1,11,0
2018-03-13,20180313,Tuesday,3,2018,March,1,11,1
2018-03-14,20180314,Wednesday,3,2018,March,1,11,2
2018-03-15,20180315,Thursday,3,2018,March,1,11,3
2018-03-16,20180316,Friday,3,2018,March,1,11,4
2018-03-17,20180317,Saturday,3,2018,March,1,11,5
2018-03-18,20180318,Sunday,3,2018,March,1,11,6
2018-03-19,20180319,Monday,3,2018,March,1,12,0
2018-03-20,20180320,Tuesday,3,2018,March,1,12,1
2018-03-21,20180321,Wednesday,3,2018,March,1,12,2
2018-03-22,20180322,Thursday,3,2018,March,1,12,3
2018-03-23,20180323,Friday,3,2018,March,1,12,4
2018-03-24,20180324,Saturday,3,2018,March,1,12,5
2018-03-25,20180325,Sunday,3,2018,March,1,12,6
2018-03-26,20180326,Monday,3,2018,March,1,13,0
2018-03-27,20180327,Tuesday,3,2018,March,1,13,1
2018-03-28,20180328,Wednesday,3,2018,March,1,13,2
2018-03-29,20180329,Thursday,3,2018,March,1,13,3
2018-03-30,20180330,Friday,3,2018,March,1,13,4
2018-03-31,20180331,Saturday,3,2018,March,1,13,5
2018-04-01,20180401,Sunday,4,2018,April,2,13,6
2018-04-02,20180402,Monday,4,2018,April,2,14,0
2018-04-03,20180403,Tuesday,4,2018,April,2,14,1
2018-04-04,20180404,Wednesday,4,2018,April,2,14,2
2018-04-05,20180405,Thursday,4,2018,April,2,14,3
2018-04-06,20180406,Friday,4,2018,April,2,14,4
2018-04-07,20180407,Saturday,4,2018,April,2,14,5
2018-04-08,20180408,Sunday,4,2018,April,2,14,6
2018-04-09,20180409,Monday,4,2018,April,2,15,0
2018-04-10,20180410,Tuesday,4,2018,April,2,15,1
2018-04-11,20180411,Wednesday,4,2018,April,2,15,2
2018-04-12,20180412,Thursday,4,2018,April,2,15,3
2018-04-13,20180413,Friday,4,2018,April,2,15,4
2018-04-14,20180414,Saturday,4,2018,April,2,15,5
2018-04-15,20180415,Sunday,4,2018,April,2,15,6
2018-04-16,20180416,Monday,4,2018,April,2,16,0
2018-04-17,20180417,Tuesday,4,2018,April,2,16,1
2018-04-18,20180418,Wednesday,4,2018,April,2,16,2
2018-04-19,20180419,Thursday,4,2018,April,2,16,3
2018-04-20,20180420,Friday,4,2018,April,2,16,4
2018-04-21,20180421,Saturday,4,2018,April,2,16,5
2018-04-22,20180422,Sunday,4,2018,April,2,16,6
2018-04-23,20180423,Monday,4,2018,April,2,17,0
2018-04-24,20180424,Tuesday,4,2018,April,2,17,1
2018-04-25,20180425,Wednesday,4,2018,April,2,17,2
2018-04-26,20180426,Thursday,4,2018,April,2,17,3
2018-04-27,20180427,Friday,4,2018,April,2,17,4
2018-04-28,20180428,Saturday,4,2018,April,2,17,5
2018-04-29,20180429,Sunday,4,2018,April,2,17,6
2018-04-30,20180430,Monday,4,2018,April,2,18,0
2018-05-01,20180501,Tuesday,5,2018,May,2,18,1
2018-05-02,20180502,Wednesday,5,2018,May,2,18,2
2018-05-03,20180503,Thursday,5,2018,May,2,18,3
2018-05-04,20180504,Friday,5,2018,May,2,18,4
2018-05-05,20180505,Saturday,5,2018,May,2,18,5
2018-05-06,20180506,Sunday,5,2018,May,2,18,6
2018-05-07,20180507,Monday,5,2018,May,2,19,0
2018-05-08,20180508,Tuesday,5,2018,May,2,19,1
2018-05-09,20180509,Wednesday,5,2018,May,2,19,2
2018-05-10,20180510,Thursday,5,2018,May,2,19,3
2018-05-11,20180511,Friday,5,2018,May,2,19,4
2018-05-12,20180512,Saturday,5,2018,May,2,19,5
2018-05-13,20180513,Sunday,5,2018,May,2,19,6
2018-05-14,20180514,Monday,5,2018,May,2,20,0
2018-05-15,20180515,Tuesday,5,2018,May,2,20,1
2018-05-16,20180516,Wednesday,5,2018,May,2,20,2
2018-05-17,20180517,Thursday,5,2018,May,2,20,3
2018-05-18,20180518,Friday,5,2018,May,2,20,4
2018-05-19,20180519,Saturday,5,2018,May,2,20,5
2018-05-20,20180520,Sunday,5,2018,May,2,20,6
2018-05-21,20180521,Monday,5,2018,May,2,21,0
2018-05-22,20180522,Tuesday,5,2018,May,2,21,1
2018-05-23,20180523,Wednesday,5,2018,May,2,21,2
2018-05-24,20180524,Thursday,5,2018,May,2,21,3
2018-05-25,20180525,Friday,5,2018,May,2,21,4
2018-05-26,20180526,Saturday,5,2018,May,2,21,5
2018-05-27,20180527,Sunday,5,2018,May,2,21,6
2018-05-28,20180528,Monday,5,2018,May,2,22,0
2018-05-29,20180529,Tuesday,5,2018,May,2,22,1
2018-05-30,20180530,Wednesday,5,2018,May,2,22,2
2018-05-31,20180531,Thursday,5,2018,May,2,22,3
2018-06-01,20180601,Friday,6,2018,June,2,22,4
2018-06-02,20180602,Saturday,6,2018,June,2,22,5
2018-06-03,20180603,Sunday,6,2018,June,2,22,6
2018-06-04,20180604,Monday,6,2018,June,2,23,0
2018-06-05,20180605,Tuesday,6,2018,June,2,23,1
2018-06-06,20180606,Wednesday,6,2018,June,2,23,2
2018-06-07,20180607,Thursday,6,2018,June,2,23,3
2018-06-08,20180608,Friday,6,2018,June,2,23,4
2018-06-09,20180609,Saturday,6,2018,June,2,23,5
2018-06-10,20180610,Sunday,6,2018,June,2,23,6
2018-06-11,20180611,Monday,6,2018,June,2,24,0
2018-06-12,20180612,Tuesday,6,2018,June,2,24,1
2018-06-13,20180613,Wednesday,6,2018,June,2,24,2
2018-06-14,20180614,Thursday,6,2018,June,2,24,3
2018-06-15,20180615,Friday,6,2018,June,2,24,4
2018-06-16,20180616,Saturday,6,2018,June,2,24,5
2018-06-17,20180617,Sunday,6,2018,June,2,24,6
2018-06-18,20180618,Monday,6,2018,June,2,25,0
2018-06-19,20180619,Tuesday,6,2018,June,2,25,1
2018-06-20,20180620,Wednesday,6,2018,June,2,25,2
2018-06-21,20180621,Thursday,6,2018,June,2,25,3
2018-06-22,20180622,Friday,6,2018,June,2,25,4
2018-06-23,20180623,Saturday,6,2018,June,2,25,5
2018-06-24,20180624,Sunday,6,2018,June,2,25,6
2018-06-25,20180625,Monday,6,2018,June,2,26,0
2018-06-26,20180626,Tuesday,6,2018,June,2,26,1
2018-06-27,20180627,Wednesday,6,2018,June,2,26,2
2018-06-28,20180628,Thursday,6,2018,June,2,26,3
2018-06-29,20180629,Friday,6,2018,June,2,26,4
2018-06-30,20180630,Saturday,6,2018,June,2,26,5
2018-07-01,20180701,Sunday,7,2018,July,3,26,6
2018-07-02,20180702,Monday,7,2018,July,3,27,0
2018-07-03,20180703,Tuesday,7,2018,July,3,27,1
2018-07-04,20180704,Wednesday,7,2018,July,3,27,2
2018-07-05,20180705,Thursday,7,2018,July,3,27,3
2018-07-06,20180706,Friday,7,2018,July,3,27,4
2018-07-07,20180707,Saturday,7,2018,July,3,27,5
2018-07-08,20180708,Sunday,7,2018,July,3,27,6
2018-07-09,20180709,Monday,7,2018,July,3,28,0
2018-07-10,20180710,Tuesday,7,2018,July,3,28,1
2018-07-11,20180711,Wednesday,7,2018,July,3,28,2
2018-07-12,20180712,Thursday,7,2018,July,3,28,3
2018-07-13,20180713,Friday,7,2018,July,3,28,4
2018-07-14,20180714,Saturday,7,2018,July,3,28,5
2018-07-15,20180715,Sunday,7,2018,July,3,28,6
2018-07-16,20180716,Monday,7,2018,July,3,29,0
2018-07-17,20180717,Tuesday,7,2018,July,3,29,1
2018-07-18,20180718,Wednesday,7,2018,July,3,29,2
2018-07-19,20180719,Thursday,7,2018,July,3,29,3
2018-07-20,20180720,Friday,7,2018,July,3,29,4
2018-07-21,20180721,Saturday,7,2018,July,3,29,5
2018-07-22,20180722,Sunday,7,2018,July,3,29,6
2018-07-23,20180723,Monday,7,2018,July,3,30,0
2018-07-24,20180724,Tuesday,7,2018,July,3,30,1
2018-07-25,20180725,Wednesday,7,2018,July,3,30,2
2018-07-26,20180726,Thursday,7,2018,July,3,30,3
2018-07-27,20180727,Friday,7,2018,July,3,30,4
2018-07-28,20180728,Saturday,7,2018,July,3,30,5
2018-07-29,20180729,Sunday,7,2018,July,3,30,6
2018-07-30,20180730,Monday,7,2018,July,3,31,0
2018-07-31,20180731,Tuesday,7,2018,July,3,31,1
2018-08-01,20180801,Wednesday,8,2018,August,3,31,2
2018-08-02,20180802,Thursday,8,2018,August,3,31,3
2018-08-03,20180803,Friday,8,2018,August,3,31,4
2018-08-04,20180804,Saturday,8,2018,August,3,31,5
2018-08-05,20180805,Sunday,8,2018,August,3,31,6
2018-08-06,20180806,Monday,8,2018,August,3,32,0
2018-08-07,20180807,Tuesday,8,2018,August,3,32,1
2018-08-08,20180808,Wednesday,8,2018,August,3,32,2
2018-08-09,20180809,Thursday,8,2018,August,3,32,3
2018-08-10,20180810,Friday,8,2018,August,3,32,4
2018-08-11,20180811,Saturday,8,2018,August,3,32,5
2018-08-12,20180812,Sunday,8,2018,August,3,32,6
2018-08-13,20180813,Monday,8,2018,August,3,33,0
2018-08-14,20180814,Tuesday,8,2018,August,3,33,1
2018-08-15,20180815,Wednesday,8,2018,August,3,33,2
2018-08-16,20180816,Thursday,8,2018,August,3,33,3
2018-08-17,20180817,Friday,8,2018,August,3,33,4
2018-08-18,20180818,Saturday,8,2018,August,3,33,5
2018-08-19,20180819,Sunday,8,2018,August,3,33,6
2018-08-20,20180820,Monday,8,2018,August,3,34,0
2018-08-21,20180821,Tuesday,8,2018,August,3,34,1
2018-08-22,20180822,Wednesday,8,2018,August,3,34,2
2018-08-23,20180823,Thursday,8,2018,August,3,34,3
2018-08-24,20180824,Friday,8,2018,August,3,34,4
2018-08-25,20180825,Saturday,8,2018,August,3,34,5
2018-08-26,20180826,Sunday,8,2018,August,3,34,6
2018-08-27,20180827,Monday,8,2018,August,3,35,0
2018-08-28,20180828,Tuesday,8,2018,August,3,35,1
2018-08-29,20180829,Wednesday,8,2018,August,3,35,2
2018-08-30,20180830,Thursday,8,2018,August,3,35,3
2018-08-31,20180831,Friday,8,2018,August,3,35,4
2018-09-01,20180901,Saturday,9,2018,September,3,35,5
2018-09-02,20180902,Sunday,9,2018,September,3,35,6
2018-09-03,20180903,Monday,9,2018,September,3,36,0
2018-09-04,20180904,Tuesday,9,2018,September,3,36,1
2018-09-05,20180905,Wednesday,9,2018,September,3,36,2
2018-09-06,20180906,Thursday,9,2018,September,3,36,3
2018-09-07,20180907,Friday,9,2018,September,3,36,4
2018-09-08,20180908,Saturday,9,2018,September,3,36,5
2018-09-09,20180909,Sunday,9,2018,September,3,36,6
2018-09-10,20180910,Monday,9,2018,September,3,37,0
2018-09-11,20180911,Tuesday,9,2018,September,3,37,1
2018-09-12,20180912,Wednesday,9,2018,September,3,37,2
2018-09-13,20180913,Thursday,9,2018,September,3,37,3
2018-09-14,20180914,Friday,9,2018,September,3,37,4
2018-09-15,20180915,Saturday,9,2018,September,3,37,5
2018-09-16,20180916,Sunday,9,2018,September,3,37,6
2018-09-17,20180917,Monday,9,2018,September,3,38,0
2018-09-18,20180918,Tuesday,9,2018,September,3,38,1
2018-09-19,20180919,Wednesday,9,2018,September,3,38,2
2018-09-20,20180920,Thursday,9,2018,September,3,38,3
2018-09-21,20180921,Friday,9,2018,September,3,38,4
2018-09-22,20180922,Saturday,9,2018,September,3,38,5
2018-09-23,20180923,Sunday,9,2018,September,3,38,6
2018-09-24,20180924,Monday,9,2018,September,3,39,0
2018-09-25,20180925,Tuesday,9,2018,September,3,39,1
2018-09-26,20180926,Wednesday,9,2018,September,3,39,2
2018-09-27,20180927,Thursday,9,2018,September,3,39,3
2018-09-28,20180928,Friday,9,2018,September,3,39,4
2018-09-29,20180929,Saturday,9,2018,September,3,39,5
2018-09-30,20180930,Sunday,9,2018,September,3,39,6
2018-10-01,20181001,Monday,10,2018,October,4,40,0
2018-10-02,20181002,Tuesday,10,2018,October,4,40,1
2018-10-03,20181003,Wednesday,10,2018,October,4,40,2
2018-10-04,20181004,Thursday,10,2018,October,4,40,3
2018-10-05,20181005,Friday,10,2018,October,4,40,4
2018-10-06,20181006,Saturday,10,2018,October,4,40,5
2018-10-07,20181007,Sunday,10,2018,October,4,40,6
2018-10-08,20181008,Monday,10,2018,October,4,41,0
2018-10-09,20181009,Tuesday,10,2018,October,4,41,1
2018-10-10,20181010,Wednesday,10,2018,October,4,41,2
2018-10-11,20181011,Thursday,10,2018,October,4,41,3
2018-10-12,20181012,Friday,10,2018,October,4,41,4
2018-10-13,20181013,Saturday,10,2018,October,4,41,5
2018-10-14,20181014,Sunday,10,2018,October,4,41,6
2018-10-15,20181015,Monday,10,2018,October,4,42,0
2018-10-16,20181016,Tuesday,10,2018,October,4,42,1
2018-10-17,20181017,Wednesday,10,2018,October,4,42,2
2018-10-18,20181018,Thursday,10,2018,October,4,42,3
2018-10-19,20181019,Friday,10,2018,October,4,42,4
2018-10-20,20181020,Saturday,10,2018,October,4,42,5
2018-10-21,20181021,Sunday,10,2018,October,4,42,6
2018-10-22,20181022,Monday,10,2018,October,4,43,0
2018-10-23,20181023,Tuesday,10,2018,October,4,43,1
2018-10-24,20181024,Wednesday,10,2018,October,4,43,2
2018-10-25,20181025,Thursday,10,2018,October,4,43,3
2018-10-26,20181026,Friday,10,2018,October,4,43,4
2018-10-27,20181027,Saturday,10,2018,October,4,43,5
2018-10-28,20181028,Sunday,10,2018,October,4,43,6
2018-10-29,20181029,Monday,10,2018,October,4,44,0
2018-10-30,20181030,Tuesday,10,2018,October,4,44,1
2018-10-31,20181031,Wednesday,10,2018,October,4,44,2
2018-11-01,20181101,Thursday,11,2018,November,4,44,3
2018-11-02,20181102,Friday,11,2018,November,4,44,4
2018-11-03,20181103,Saturday,11,2018,November,4,44,5
2018-11-04,20181104,Sunday,11,2018,November,4,44,6
2018-11-05,20181105,Monday,11,2018,November,4,45,0
2018-11-06,20181106,Tuesday,11,2018,November,4,45,1
2018-11-07,20181107,Wednesday,11,2018,November,4,45,2
2018-11-08,20181108,Thursday,11,2018,November,4,45,3
2018-11-09,20181109,Friday,11,2018,November,4,45,4
2018-11-10,20181110,Saturday,11,2018,November,4,45,5
2018-11-11,20181111,Sunday,11,2018,November,4,45,6
2018-11-12,20181112,Monday,11,2018,November,4,46,0
2018-11-13,20181113,Tuesday,11,2018,November,4,46,1
2018-11-14,20181114,Wednesday,11,2018,November,4,46,2
2018-11-15,20181115,Thursday,11,2018,November,4,46,3
2018-11-16,20181116,Friday,11,2018,November,4,46,4
2018-11-17,20181117,Saturday,11,2018,November,4,46,5
2018-11-18,20181118,Sunday,11,2018,November,4,46,6
2018-11-19,20181119,Monday,11,2018,November,4,47,0
2018-11-20,20181120,Tuesday,11,2018,November,4,47,1
2018-11-21,20181121,Wednesday,11,2018,November,4,47,2
2018-11-22,20181122,Thursday,11,2018,November,4,47,3
2018-11-23,20181123,Friday,11,2018,November,4,47,4
2018-11-24,20181124,Saturday,11,2018,November,4,47,5
2018-11-25,20181125,Sunday,11,2018,November,4,47,6
2018-11-26,20181126,Monday,11,2018,November,4,48,0
2018-11-27,20181127,Tuesday,11,2018,November,4,48,1
2018-11-28,20181128,Wednesday,11,2018,November,4,48,2
2018-11-29,20181129,Thursday,11,2018,November,4,48,3
2018-11-30,20181130,Friday,11,2018,November,4,48,4
2018-12-01,20181201,Saturday,12,2018,December,4,48,5
2018-12-02,20181202,Sunday,12,2018,December,4,48,6
2018-12-03,20181203,Monday,12,2018,December,4,49,0
2018-12-04,20181204,Tuesday,12,2018,December,4,49,1
2018-12-05,20181205,Wednesday,12,2018,December,4,49,2
2018-12-06,20181206,Thursday,12,2018,December,4,49,3
2018-12-07,20181207,Friday,12,2018,December,4,49,4
2018-12-08,20181208,Saturday,12,2018,December,4,49,5
2018-12-09,20181209,Sunday,12,2018,December,4,49,6
2018-12-10,20181210,Monday,12,2018,December,4,50,0
2018-12-11,20181211,Tuesday,12,2018,December,4,50,1
2018-12-12,20181212,Wednesday,12,2018,December,4,50,2
2018-12-13,20181213,Thursday,12,2018,December,4,50,3
2018-12-14,20181214,Friday,12,2018,December,4,50,4
2018-12-15,20181215,Saturday,12,2018,December,4,50,5
2018-12-16,20181216,Sunday,12,2018,December,4,50,6
2018-12-17,20181217,Monday,12,2018,December,4,51,0
2018-12-18,20181218,Tuesday,12,2018,December,4,51,1
2018-12-19,20181219,Wednesday,12,2018,December,4,51,2
2018-12-20,20181220,Thursday,12,2018,December,4,51,3
2018-12-21,20181221,Friday,12,2018,December,4,51,4
2018-12-22,20181222,Saturday,12,2018,December,4,51,5
2018-12-23,20181223,Sunday,12,2018,December,4,51,6
2018-12-24,20181224,Monday,12,2018,December,4,52,0
2018-12-25,20181225,Tuesday,12,2018,December,4,52,1
2018-12-26,20181226,Wednesday,12,2018,December,4,52,2
2018-12-27,20181227,Thursday,12,2018,December,4,52,3
2018-12-28,20181228,Friday,12,2018,December,4,52,4
2018-12-29,20181229,Saturday,12,2018,December,4,52,5
2018-12-30,20181230,Sunday,12,2018,December,4,52,6
2018-12-31,20181231,Monday,12,2018,December,4,1,0
